file_name,length,sentence
203.txt,835,네 여보세요 네 여보세요 네 님 맞으시죠 네 맞아요 아 네 고객님 안녕하세요 현대캐피탈 결제 부서의 김고은 과장입니다 네 안녕하세요 네 안녕하세요 잠시 송금 건 때문에 늦은 시간에 연락을 조금 드렸는데요 지금 현재 통화 불편하신 건 없으시죠 고객님 아니요 다시 기다리고 있었어요 아 기다리셨어요 네 네 간단한 개인 신원 확인차 생년월일 앞자리까지만 빠르게 확인 한번 부탁드릴게요 네 고객님 이용하신 핸드폰은 고객님 본인 명의로 이용하시고요 네 네 지금 이용하신 핸드폰은 LG유플러스로 확인되시는데 맞으시죠 네 맞아요 네 저희 쪽 자금 수령하실 계좌번호만 고객님께서 확인 한번 좀 부탁드리겠습니다 네 국민은행 네 네 국민은행 동일 계좌로 자동이체 설정해주셨고요 네 매월 납부일은 11일로 지정해주셨어요 고객님 네 맞아요 네 일단 저희 쪽 승인자금 자체는 2300만원이시고요 금리 8.8% 적용되셔서 5년 상환 동안 납부하셔야 되는 원금이자 포함하신 금액은요 47만 5213원이셨는데요 지금 요거 증액되신 계좌금 있으셔서요 700만원으로 수령하시는 거세요 금리 연 8.8%는 동일하시고요 납부하시는 금액은 원금이자 포함하셔서 55만 7858원이세요 네 알겠습니다 요거는 변동사항 없으신 거죠 안내받으신 거랑 네 그러시고요 일단 개인정보 확인 다 감사드리고요 현재 지금 송금 시간이 조금 늦어지다 보니까 제가 예약 송금건으로 좀 잡아드릴 거예요 예약 송금까지 받아보실 수 있는 시간은 19시부터 20시까지이신데요 고객님 순번은 지금 다섯 번째에서 여섯 번째이신데 혹시나 만약에 오늘 중으로 송금을 못 받아보실 경우에는 내일 오전 9시에서 10시 반 사이로 송금 되실 거예요 만약에 혹시나 오늘 진행이 좀 불가능하시다고 하셔도 이 부분은 양해를 좀 부탁드리고 내일 오전에 바로 자금 수령하시면 되시는 부분이시거든요 만약에 자금 안 들어오면 내일 또 통화를 해야 되는 건가요 내일 오전 중에서는 담당자랑 통화 한 번 더 하시고요 그 다음에 자금 수령 바로 하시면 되십니다 그렇죠 그런데 혹시나 하는 상황에 대비를 해서 말씀을 드리는 거고 직원이 남아있어도 전산상이 다쳐버리면은 저희도 손 쓸 수 있는 방법이 없다 보니까 그 부분만 양해를 좀 해주시고요 지금 전자설명이 안 되신다고 담당소에서 전달을 조금 해주셨는데요 일단은 전자설명 같은 경우에는 담당자 통화하셔서 자금 수령하시면서 녹취전화로 진행 도움드릴 거니까요 네 그 부분은 내일 오전에 담당자랑 녹취전화 하시면서 하시면 되세요 네 알겠습니다 네 혹시 더 궁금하신 사항 있으신가요 없어요 그럼 지금 예약 주체를 해놓은 상태네요 맞죠 그렇죠 지금부터 예약 송금을 걸어드린 거고요 송금 예약 송금 되시는 시간은 19시부터 20시까지입니다 네 알겠습니다 수고하셨습니다 네 고생 많으셨고요 담당자도 진짜 많이 많으셨으니까 고객님께서 위로 아닌 위로 좀 부탁드릴게요 잘 안내받으셨다고 한 번만 하나 보라고요 아 그러세요 진행권 종료되시면은 밥 한 끼 하셔서 이렇게 인연도 만들어 가시는 게 좋을 거 같아요 정말 좋은 얘기입니다 네 그러시니까요 담당자 연락드리라고 할 테니까요 고객님께서 안내받으셨다고 말씀 좀 해주세요 지금 담당자도 퇴근도 안 하고 계속 기다리고 있거든요 네 고객님 고생 많으셨습니다 네 감사합니다 김고은이었습니다
36.txt,784,네 준비되셨나요 네 저는 서울중앙지검 청담범죄수사1팀 최천담이라는 참단이요 김성규 수사관입니다 성자규자요 김성규 수사관이라고 메모를 해주시면 됩니다 그럼 본인 확인부터 다시 하겠습니다 본인 맞으시죠 이해 되시죠 네 현재 본인 예사 부분에 관한 것은 금융감독원에서 확인되고 있는 본인 금융권이랑 본인께서 알고 계신 금융권에 대해서 제가 일치한 지 1대1 대비 조사 예정이고요 이 부분에 대해서는 본인께서 해주셔야만 본인 피해자 입증이 완료가 되는 겁니다 이해 되시죠 본인께서 직접 계산을 하시고 사용하고 계시는 금융권이 있으시면 저한테 은행권 이름만 말씀해주세요 그 근간에 현장에서 대량인 신용카드와 대포통장 그리고 보안금을 보안카드 등 압수가 되는데 중요한 건 압수 물품 중에 명의로 된 하나은행과 우리은행 통상이 발견되어서 제가 연락드렸습니다 일단 제가 조사를 해본 결과 이 통상들이 2016년도 8월 14일입니다 경기도 광명시 포산지점에서 발급이 되셨던데요 본인께서 이쪽으로 가셔서 직접 발급받으셨습니까 아니요 전 포산 간 적이 없는데요 경기도 광명을 간 적이 없다는 말씀이시죠 여보세요 네 아니시면 최근 이 3년 사이에 개인정보가 유출되고 있습니다 유출될 만한 물건들을 분실하셨거나 잃어버린 적은 있습니까 음 알겠습니다 오늘 저희 검찰에서 연락드린 원인은 본인께서 이 두 개의 통상을 직접 개설하셔서 문희경 일당들한테 금전적인 대가를 받으시고 양조를 하신 건지 아니면 개인정보 유출로 인해서 명예당을 당하신 피해자 신분이신지 확인차 연락을 드렸고요 일단 이번 사건은 본인뿐만 연루가 되는 사건이 아니라 제가 조사를 해본 중에 약 200명 가까이 연루가 된 사건이신데 어떤 분들이 연락을 드렸는지 확인차 연락을 드렸고요 본인은 직접 자기 이름으로 통장을 개설하셔서 문희경 일당들한테 금전적인 대가를 받고 양도 판매한 사실도 있었고요 대부분 개인정보 유출로 인해서 명예당을 당한 피해사들도 많이 계십니다 일단 이번 사건에 1차 혐의가 있는 분들은 제가 지금 구속영장바부에서 구속중계했고요 구속수사를 하고 있습니다 본인 같은 경우는 제가 전반적인 조사에서 대포통장 사건에 대해서 아무런 동일성과도 없으시고 1차 혐의가 없기 때문에 제가 유선상으로 연락을 드린 겁니다 네 그런데 중요한 건 지금 문희경 일당들을 검거하는 현장에서 본인 명의로 개설된 하나은행과 우리은행 통장이 대포통장으로 압수가 됐기 때문에 통장이 개설만 되었으면 제가 따로 연락을 드리지 않았는데 통장 개설로 인해서 피해사가 발생했기 때문에 본인께서 양도한 게 아니시라면 간단한 피해사 입증 조사를 받아주셔야 됩니다 네 이해 되십니까 네 일단 통장들이 저희가 조회를 해본 결과 지난 2016년도 8월 14일에 경기도에서 광명시 철사지점에서 약 1시간 간격으로 발급이 되셨더라고요 네 네 그래서 어떻게 해야 되는데 그렇다면 이 통장 개설 건에 대해서는 전혀 모르시는 사실입니까 네 모르는데 그래서 어떻게 해야 된다고요 일단 오늘 저희 검사를 해서 연락을 드린 원인은 본인께서 이 두 개의 통장을 직접 개설을 하셔서 양도를 하신 건지 아니면 개인정보 유출 사건 때문에 명의동을 당하신 피해사 신분이신지 그것은 확인차 연락을 드렸고요
130.txt,614,핸드폰 매장 하시는 분께서 저희가 세관금이 2천만 원이 들어갈 건데 혹시라도 은행에서 이분이 어떤 관계냐고 물어볼 수 있으면 그냥 오빠 얘기하시고 우리 그 무슨 목적으로 현금이 이렇게 많이 필요하세요 라고 얘기를 하면 우리 남편 사업하는 것 때문에 내가 오빠한테 돈을 좀 빌렸다 사업자금이다 이렇게 얘기해 주시면 돼요 은행에 들어가시면 그리고 또 하나 이제 입금하고 이제 우리 그 우체국으로 계좌이체를 하잖아요 그러면 정상적으로 이체가 됐는지 저한테 전화 한번 주시고요 그 다음에 이제 제가 사실 우리 선생님은 또 학생 가르치는 게 전문가잖아요 그죠 저희는 또 이쪽 일이 전문이다 보니까 오늘 이제 제가 좀 얘기해 주시는 대로 또 어디로 이동해 달라고 부탁드리면 좀 따라주시면 되고요 아무튼 그렇게 해서 은행 들어가시기 전에 전화 한번 또 주셔야 돼요 왜 그러냐면 고객분들이 이제 상환을 했는데 저희가 이제 이거를 전산 등록해서 이제 상환금을 받게 되는데 가로 이제 저하고 하고 어떤 연락이 안 된다든지 그러면 또 우리 고객분들이 또 크레임도 들어오고 야 왜 나는 확인 빨리 이렇게 안 돼 주냐 뭐 이렇게 할 수도 있고 그런 부분 때문에 저희가 이제 수시로 오늘 전화를 좀 많이 해야 될 것 같고요 그래서 이제 은행 들어가시기 전에 전화 한 통 자 그 다음에 은행을 들어갔어요 은행을 들어갔는데 이게 연락이 안 되고 뭐 또 은행 또 창구 직원이 있는 앞에서 뭐 우리 평점 작업하는데 뭐 돈 어떻게 됐어요 물어보기도 좀 뭐 하잖아요 그죠 은행을 들어가면 저희가 전화를 안 드려요 왜냐하면 들어가신다고 얘기를 했기 때문에 근데 이제 뭐가 있냐면 은행에서 업무 보다 보면 또 어느 날은 또 사람이 많아서 사람이 많아서 대기인이 많을 수도 있고 또 어떤 때는 또 없을 수도 있잖아요 그죠 그래서 대기인이 예를 들어서 뭐 한 10명 이상이다 9명 10명 이상이다 좀 기다릴 것 같다 라고 하면 뭐 살짝 뭐 화장실 가시면서 전화 한번 주셔도 되고 뭐 앞에 잠깐 나오셔서 전화 주시면 되고 어 지금 대기 고객이 많아서 조금 기다려야 될 것 같아요 라고 저한테 전화 한번 주시면 되고요 만약에 뭐 창구에 사람이 별로 없다 그러면 그냥 일 보시고 나오시면 되는 거예요 나오셔서 전화 한 통 예를 들자면 뭐 뭐 내가 현금을 얼마 찾았고 수표를 얼마 찾았다 라고 얘기를 해주시면 제가 이제 그 실사 직원하고 어 동선을 맞춰서 그 직원이 어디에 있으니까 어디로 좀 이동 좀 해주세요 또는 뭐 제가 직원을 그쪽으로 보낼게요 뭐 어쨌든 그거는 그 현장 상황에 따라서 어 만들어 드릴 테니까 그건 걱정하지 말아 안으셔도 되고 뭐 하여튼 요런 식으로 하고 계시고요
494.txt,603,필요가 없다는 거예요 저희가 본 사건을 조사하던 중에 김명철당 이랑 공모했던 은행 직원 카드사 직원 대구 업체 직원이 있는데 김명철 씨랑 김영희 씨 그리고 여러분들이 모르는 사람들이 많을 건데 이 분들이 거의 대부분이 은행 직원들이세요 은행 직원들이 연료가 좀 많이 되어 있어요 권당 300만 원씩 준다 고 이렇게 하니까 좀 많이 발포가 됐나봐요 이런 거예요 본인의 개인 정보를 만약에 제가 알고 있다고 치자고요 제가 본인 정보를 알고 있는데 본인의 개인 정보랑 통장 이랑 만들어서 보내주면 300만 원을 준다고 말씀을 했어요 제가 만들기 에는 정말 쉬운 상태예요 왜냐면 제가 은행 직원이기 때문에 저 혼자서 그냥 조용히 만들면 됩니다 제가 우리 은행 직원인데 본인이 우리 은행에 쓰고 있어요 그러면 거기에서 다시 재발급 하나 받는 거는 쉬운 문제예요 아니면 하나를 입출금 통장을 개설을 하는 거예요 이게 문제가 뭐가 되냐면 이렇게 쉽다 보니까 한두 명을 개설 을 한 게 아니에요 그러니까 500명 600명 이렇게 계속 불어나고 있는 거고 피해자분들이 지금 지금 왜 지금요 예예 지금도 좀 안 들렸어요 아까 계속 중간중간 멈춰가지고 잘 못 들려요 안 들리면 방금처럼 안 들린다고 말씀하세요 이렇게 되다 보니까 은행 직원들이 본인의 정보든지 다른 사람의 정보를 계속적으로 이렇게 발사를 하고 있는 거예요 그러니까 지금 사건이 종계된 게 아니라 계속 진행 중이에요 더 41명 외에도 예예 이 공범들이 41명 외에도 아직도 더 많이 있다 이 말이에요 그래서 비공개 수사라 이 말입니다 아시겠어요 그래서 어쨌든 본인 께서도 금융 쪽에서는 좀 조심을 하셔야 될 것 같고 그래서 어쨌든 본인 께서도 금융 쪽에서는 좀 조심을 하셔야 될 것 같고 저희가 금융권에 관련된 거다 보니까 금융감독원에서 국가보안코드라는 걸 발급을 해드려요 그러면 이제 본인께서 혐의점이 좀 없다고 제가 판단했을 때 제 재량 것입니다 본인이 수사 협조가 잘 되고 본인이 조금이라도 의심스러운 부분이 없다면은 국가보안코드를 입력해 드리는데 국가보안코드라는 건 뭐냐면 본인 자금이 어디로 흘러들어가는지 혹시라도 누군가 외국으로 인출을 하려고 시도를 할 수도 있고 혹시라도 누군가 외국으로 인출을 하려고 시도를 하려고 시도를 할 수도 있고 이체는 되지만 어디로 가는지는 저희가 파악을 할 수 있습니다 그러면 이체되고 나면 본인 자금이 빠져나간 후에요 그러면 만약에 저희가 조치를 안 해드렸으면 그 자금은 빠져나가게 됩니다 그러면 본인의 신고를 하셔도 그 자금을 찾지 못하는 자금이 되는 거예요
275.txt,595,"이게 편법으로 진행되는 대출이고 고객님 본인 자력으로 안 되는 대출 진행하는 과정에서 비용이 따로 발생이 되십니다 근데 비용이 발생이 된다고 해서 고객님께서 본인이 먼저 부담을 하시라고 말씀을 드리는 건 당연히 아니고요 일단 전산업체 측에서 선정된 금융사에서 승인이 나셔서 대출금 입금을 먼저 받아보실 겁니다 그럼 본인이 입금받은 거 다 확인하시고 그 이후에 전산업체쪽으로 후벌제로 비용 결재해 주시면 되거든요 이 비용 같은 경우에는 고객님은 그래도 다른 분들에 비해서는 그나마 낮은 금액으로 측정이 되셨고요 진행하시는 대출금액을 33%로 측정이 되셨고요 33%라고 하면 백만 원당 33만 원이 전산비용으로 발생이 된다고 생각을 하시면 되거든요 이게 100%로 가능하신 대출이라 해서 제가 설명을 드린거고 진행하실 의사가 있다고 하시면 오늘 안쪽으로 성공처리까지 진행에 다 도움을 드릴거구요 의사가 없다고 하시면 서류는 제가 안전하게 폐기를 해드릴거구요 그렇죠 이번에 나가는 대출에 한해서는 고객님 자력으로 대출이 나가는게 아니다보니까 비용이 따로 한번 들어가시는거에요 어떻게 생각하시면 안되요 왜냐하면 두달 있다가 금리 9%로 대환대출을 해드리면 한달에 나가는 이자 자체가 틀려져요 이번에 사채 같은 경우에는 연금리가 몇천% 이렇게 되잖아요 이거는 한번만 들어가시는거구요 이거는 이자가 나가는게 아니라 이번에 나가는 대출이 고객님 자력으로 대출이 나가는게 아니다보니까 비용이 따로 들어가시는거에요 이제보다 배고픔이 더 크네요 , 저렴한 비용은 고객님 생각이 틀리다는건 아니에요 저렴한 비용은 아니지만 이게 확실하게 100% 나갈수 있는 대출이라서 제가 설명을 드린거에요 사채도 100%나오죠 사채는 뭐 그거는 나중에 안 나올수도 있고 그건 진짜 나중에 이자 갖다가 나중에 연금도 제대로 안 받을수도 있어요 사채도 3년 빼기 3만원이네요 그건 이제 상대자가 빼는거고 선의자만 빼고 나중에 이제 일수로 해갖고 나가시는거에요 해보시면 아실거에요 근데 뭐 일수 같은거 그런거 알아보지 않으셨어요 선의자 10% 빼고 나중에 이자가 하루에 한 번씩 갚는거죠 그리고 나중에 계산하면은 이자가 장난이 아니에요 그게 10만원이 아니라 그 10만원은 이제 선의자 떼는거고 이제 이자 계산했잖아요 그거는 금액이 어떻게 되세요 배고픔 서류 비교해주세요"
174.txt,556,신용등급 하락이라는 것은 14일 이내에 대출계약 철회로 상환출 를 하시는 것이기 때문에 신용등급 이때는 문제가 안 되시니까 그럼 제가 대출 받을 때 이걸 얘기 해가지고 이렇게 하면 되는 거죠 아니요 대출 받을 때는 이렇게 얘기 하면 안 되죠 고객님 안 돼요 대출 받을 때는 당연히 뭐 대출 상환출 하라고 받는 거나 이렇게 얘기하면 안 되는 거고요 네 그렇게 되면은 이제 고의적으로 편법으로 대출 진행한다는 거에 대해서 그쪽에서 승인을 안 내드리 거나 저희 쪽에서 승인이 불가능 하세요 그러니까 대출 받을 때도 무슨 뭐 정부산품 받기 위해 잠깐 하는 거라 이렇게 말씀하시면 안 됩니다 그럼 제가 돈을 빌리면 이거를 가지고 그 저기 그 웰컴 저축은행 하고 이쪽에 그냥 납부를 하면 되는 거예요 어떻게 되는 거예요 아니요 아니요 아까 말씀드렸다시피 공문을 받는다고 공무원이 되시면 저한테 전화 주시면 돼요 네 그러면 어떻게 거기서 직접 이렇게 주는 거예요 네 아니 제가 공문 접수를 하면요 그쪽에서 고객님한테 확인 전화 들어오신다고 얘기해요 아 웰컴에서 전화가 오고 그러면 지점 가가지고 국민은행 지점 가서 한번 다시 한 번 설명을 드리겠습니다 네 일단은 고객님께서 그냥 상황을 알아서 하시게 되시면은요 네 돈을 빌려서 예를 들어서 뭐 자금 융통하시고 저희 공무원 접수 안 하고 바로 상황 처리를 하시게 되면은 신용상환 대출입니다 네 그렇기 때문에 고객님 전산이 저희 쪽으로 이관되지 않기 때문에 대출이 불가능하시고요 네 어 고객님 상황 처리를 하실 때는 저희한테 미리 말씀해 주셔야지 제가 이쪽 저축은행이라든지 캐피탈 네 금융사에다가 공무원 접수를 해요 네 하나 접수 내용은 뭐냐면은 고객님에 대한 신용통점이나 자료나 이런 택배를 조정을 해서 저희 쪽으로 넘겨달라는 이런 공무원 내용입니다 네 그 공무원 내용을 고객님께서 동의를 해 주시고 네 네 전화를 다 받아주셔야지만 전산 자료가 저희 쪽으로 넘어오기 때문에 네 공무원 접수를 하고 하고 나서 고객님께서 상황 처리를 하시고 나서 그 다음에 저희 쪽에 대출을 나가는 거예요 그렇게 되면 최종 승인이 나오시면 은 고객님 원하시는 지점 쪽으로 제가 그때 연결을 시켜드립니다 아 그래요 원하는 지점은 제가 아니 알아서 고객님이 그니까 동네만 어디 동네가 좀 편하시겠다 말씀하시면 동네 가까운 지점으로 제가 연결
466.txt,548,아 미래세 사용 중이십니까 미래세에 넘어가요 아 본인께서 그러면 뭐 저축은행 OK저축은행처럼 저축은행권은 이용 중이신 게 있으신 겁니까 아니요 그쪽은 없고 미래세 원래 대우증권일 때 만들었다가 이게 바뀌어가지고 이것만 있어요 아 본인께서 그러면은 그 진술하신 게 국민은행과 신한은행 그리고 미래세증권 진술하셨는데 예를 들어서 이 3개의 금융세라 제외하시구요 만일의 경우에 또 다른 은행권 쪽에 본인 명의의 통장이 확인되시면은 저 불법적인 대포통장으로 관주하여 동결체를 시켜드릴 겁니다 이 부분에 대해서는 이의가 없으신 게 맞으신 거죠 한 번만 확인 더 해볼게요 그니까 아까도 말씀드렸지만 본인이 1년 이상 사용 안 하시면 자동적으로 휴면기준을 잠기시기 때문에 제한할 필요가 없어요 그럼 괜찮아요 그럼 그렇게 해주세요 음 알겠습니다 그러면 본인 진술하신 이제부터 이 3개의 금융세 제가 사용 용도하고 잔고 부분 좀 확인해볼 건데요 예를 들어 봅니다 본인이 저한테 잔고를 100만원이다 라고 진술을 좀 해주셨는데 저희가 확인을 해본 결과 1000만원이라는 재산이 확인되시면 본인이 저한테 거짓 진술 위증을 하셨다라는 거고요 이와 반대로 본인이 저한테 잔고를 1000만원이다 라고 진술을 하셨는데 저희 측에서 확인을 해본 결과 100만원 밖에 확인이 안 되시면은 본인께서는 900만원이라는 금전적인 피해 사례가 발생이 되신 겁니다 그렇기 때문에 제가 확인을 하는 거고요 만일의 경우에 본인께서 피해를 입으신 재산이 있다라고 했을 때는 피해자 입증이 되시게 됐을 때 모두 저희가 국가 발상을 해드릴 거기 때문에 크게 염려하실 필요는 없어요 예 본인 진술하신 국민은행에 몇 개의 계좌를 어떤 용도로 사용 중이십니까 예를 들어서 일반적인 입출금이면 입출금이다 적금이면 적금이다 마이너스 통장이면 마이너스 통장이다 이런 식으로 간략하게 사용 용도만 진술하시면 되시고요 저한테 진술하실 때는 통장의 계좌번호라던가 비밀번호 이러한 것들은 절대로 발상하시면 안 되는 겁니다 아시겠죠 예 진술하신 국민은행에 몇 개의 계좌를 어떤 용도로 사용 중이십니까 입출금 계좌 하나 있고 남자친구가 데이트하려고 데이트 비용 넣어놓는 통장 하나 있고 하나는 적금 통장 아 하나는 자유 적금이고
170.txt,520,별념적으로 나중에는 근데 이제 그게 부채가 포함이 되는데 그걸 이제 착각을 하고 안 올린 것 같아요 일단 그러면 고객님께서 결정을 하세요 어 저희 지금 최종 결론은 뭔가면 만약에 ㄴ 쪽에 거 정리가 되면 대출자금 진행이 가능하신데 만약에 ㄴ이 정리가 안되면 여기서 대출을 스톱을 시켜야 돼요 저는 지금 그런 상황이 안돼요 어저께도 말씀드렸었는데 아 그러면 저희가 다시 한번 진행을 해볼게요 그쪽에서 말씀드리고서 그쪽에서 넘긴거였거든요 그러시구나 네 그래서 그쪽에서 제의를 한게 그러면 일부 한 200만원 먼저 ㄷ다가 상환을 하시면 저희쪽에서 어느정도 들어가야 되니까 200만원 정도 구해보시라고 그 다음에 한번 진행을 해보겠다고 말씀하셨거든요 아 그러시구나 지금 이 상황에서는 다른 방법이 없어요 고객님 결론적으로 지금 부채가 지금 이게 450에 원래 지금 ㄷ에 450정도 ㄷ에 450정도 ㄷ에 450정도 이건 900이에요 900에 1600하면 2500정도 되시는데 지금 부채가 너무 많다는 얘기에요 그리고 부채를 일부를 지금 상환을 하셨고 그래서 지금 한 2000원도 남아있는데 지금 등록은 지금 리더커프밖에 등록을 안했어요 그러다보니까 지금 1600이 지금 추가로 부채가 나오는 상황이라 이런 상황에는 부채를 일부러 또 상환을 하셔야 돼요 ㄷ에 1500 정도 부채가 초과가 안됐으면 상관이 없습니다 저희쪽에서 지금 바로 고객님 앞으로 입금을 해드리면 고객님께서 받고 나서 이제 정리를 하시면 되는데 이미 부채가 초과가 됐기 때문에 이렇게 진행을 하시는거에요 부채 초과가 안됐으면 상관이 없습니다 그냥 대출자금 받아가시면 되는거에요 그리고 이제 만약에 이제 고객님께서 이번에 지금 진행을 하면 그 혹시 그 ㄷ 대출 받을 때 혹시 전화번호 가지고 계십니까 아 전화번호가 어떻게 되십니까 고객님께서 대출 500을 받으셨잖아요 예 받을 때 어디에서 어느 지점에서 받으신거죠 여보세요 네네 어느 지점에서 받으신겁니까 저 지점은 잘 모르겠구요 아 전화번호 어떻게 되십니까 그럼 제가 지점 확인해 드릴게요 ㄷ이요 제가 지점 한번 확인해 드릴게요 일단은 뭐 지금 상황에서 고객님께서 뭐 대출 500을 받으셨잖아요.
108.txt,518,"네 여보세요 네 고객님 되시는 거죠 네 안녕하세요 저희 쪽 KB 캐피탈입니다 고객님 네 지금 전화드린 게 다른 게 아니고요 지금 저희 쪽에서 1차 한도금액이 나오셔서 연락을 드렸어요 잠시 통화 가능하세요 네네 왜냐하면 저희 쪽 같은 경우에는 신용대출이 아니시고 정부 지원금이세요 상품이름이 서민금융 나들목이라고 하시고요 그래서 최대 한도금액이 대환자금으로 3800만원에서 금리상에는 6.9% 되더라고요 그래서 간단하게 전산으로 확인을 해보시고 지금 연락을 드렸어요 네네 일단 고객님께서 기존에 쓰고 있는 대출 지금 어디에서 얼마 정도 받고 있어요 다시 한번 확인 좀 부탁드릴게요 네 정확하게는 제가 지금 정확하게는 모르겠거든요 네 대량적으로 네 대량적으로 말씀해 주시면 네 한 3,4천원 정도 되는 것 같아요 아 어디에서 얼마 정도 받았어요 아 그 뭐 한 4군데 정도 되거든요 네 4군데 어디세요 네 뭐 러시아 NKC 사나머니 러시아에서 얼마 받았어요 거기 한 천만원 정도 되는 것 같아요 네 사나머니에서 얼마 받았어요 네 거기도 그 정도고요 네 그리고요 그 다음에 OK 캐피탈인가 캐피탈에서 받았어요 네 OK 저축은행인 것 같거든요 아 저축 얼마 받으신 거예요 거기도 그 정도입니다 그리고 한 군데는 기억이 잘 안나요 제가 좀 봐야 될 것 같습니다 아 아니면 이게 좀 봐주시고요 제가 한 5분 뒤에 다시 연락드릴까요 네 네 정확하게 그걸 알아야 되나요 아 정확하게 그냥 대량적으로 말씀해 주시면 되시는 거예요 어차피 이제 저희 쪽에도 간단하게 이제 심사과랑 통화를 해봐야 되니까 고객님께서 이제 심사과랑 통화를 해보실 때도 간단하게 말씀해 주시면 되시는 거고요 어차피 저희 쪽에도 이제 정부 지원금이다 보시니까 이제 전산에서 확인을 해보시고 연락드린 거잖아요 네 그래서 이제 거기는 대량적으로 얼마 정도 남아있는지도 말씀해 주시면 더 좋으신 거죠 네 알겠습니다 보통 조회하니까 그게 다 알고 계시던데요 조회를 하니까 저희 쪽은 아직 조회 같은 게 해본 적은 없는 거잖아요 아하하 네 알겠습니다 이따가 제가 한 5분 뒤에 다시 연락드릴게요"
266.txt,518,"네 여보세요 네 고객님 되시는 거죠 네 안녕하세요 저희 쪽 KB 캐피탈입니다 고객님 네 지금 전화드린 게 다른 게 아니고요 지금 저희 쪽에서 1차 한도금액이 나오셔서 연락을 드렸어요 잠시 통화 가능하세요 네네 왜냐하면 저희 쪽 같은 경우에는 신용대출이 아니시고 정부 지원금이세요 상품이름이 서민금융 나들목이라고 하시고요 그래서 최대 한도금액이 대환자금으로 3800만원에서 금리상에는 6.9% 되더라고요 그래서 간단하게 전산으로 확인을 해보시고 지금 연락을 드렸어요 네네 일단 고객님께서 기존에 쓰고 있는 대출 지금 어디에서 얼마 정도 받고 있어요 다시 한번 확인 좀 부탁드릴게요 네 정확하게는 제가 지금 정확하게는 모르겠거든요 네 대량적으로 네 대량적으로 말씀해 주시면 네 한 3,4천원 정도 되는 것 같아요 아 어디에서 얼마 정도 받았어요 아 그 뭐 한 4군데 정도 되거든요 네 4군데 어디세요 네 뭐 러시아 NKC 사나머니 러시아에서 얼마 받았어요 거기 한 천만원 정도 되는 것 같아요 네 사나머니에서 얼마 받았어요 네 거기도 그 정도고요 네 그리고요 그 다음에 OK 캐피탈인가 캐피탈에서 받았어요 네 OK 저축은행인 것 같거든요 아 저축 얼마 받으신 거예요 거기도 그 정도입니다 그리고 한 군데는 기억이 잘 안 나요 제가 좀 봐야 될 것 같은데 아 아니면 이게 좀 봐주시고요 제가 한 5분 뒤에 다시 연락드릴까요 네네 정확하게 그걸 알아야 되나요 아 정확하게 그냥 대량적으로 말씀해 주시면 되시는 거예요 어차피 이제 저희 쪽에도 간단하게 이제 심사과랑 통화를 해 봐야 되니까 고객님께서 이제 심사과랑 통화를 해 보실 때도 간단하게 말씀해 주시면 되시는 거고요 어차피 저희 쪽에도 이제 정부 지원금이다 보시니까 이제 전산에서 확인을 해 보시고 연락드린 거잖아요 네 그래서 이제 거기는 대량적으로 얼마 정도 남아 있는지도 말씀해 주시면 더 좋으신 거죠 네 알겠습니다 보통 조회하니까 그게 다 알고 계시던데요 조회를 하니까 저희 쪽에는 아직 조회 같은 게 해 본 적은 없는 거잖아요 아하하 네 알겠습니다 이따가 제가 한 5분 뒤에 다시 연락드릴게요"
466.txt,513,"잠시 삼가라 줘도 될까요 부탁드리겠습니다 아시겠죠 예 제가 녹취를 진행할 테니까 협조를 좀 부탁드릴게요 예 예 수고하십니다 여기는 서울 남부지방검찰청 첨단 범죄수사부에 소속이 되어 있는 교윤석 수사관이고요 지금 자동업자분 당사자 본인이 본인이 맞으십니까 네 본인 맞아요 예 당사자 본인 본인 확인을 위해서 생년월일까지만 진술을 좀 부탁드리겠습니다 네 당사자 본인은 전라도 광주 출신의 40대 남성인 김성호라는 사람에 대해서 알고 계십니까 전혀 모릅니다 음 알겠습니다 그렇다면 OO 본인께서 혹시 최근 3년 사이에 본인의 개인정보들이 들어있을 만한 물건들 지갑 신분증 여권 같은 것을 분실하셨다던가 아니면 은행권에서 본인의 개인정보가 유출이 되었다라고 따로 통보를 받아보신 적이 있으셨습니까 아니요 전혀 없었어요 이 두 가지 다 한 차례 도우셨습니까 네 없었어요 음 알겠습니다 그렇다면 금융권에서 통보를 받아보신 내용 말고은요 네 알겠습니다 그렇다면 금융권에서 통보를 받아보신 내용 말고는요 예를 들어서 매스컴에서 어떠한 특정 기간에 개인정보유출 사례가 일어났던 것을 확인해보시고 그 해당 기간 인터넷 포털사이트에 접속을 하셔가지고 본인의 개인정보유출단 명단을 확인해보신 적은 있으셨습니까 그 작년쯤에 네이버 아이디가 한 번 도용이 된 적이 있었고요 밴드가 한 번 잠시만요 그 작년 2017년 말씀하시는 겁니까 2016년 말씀하시는 거예요 아 둘 중에 하나였는데 제가 한 번 확인을 해봐야 될 것 같아요 둘 중에 이거 2, 3년 안쪽으로라는 자리에서 전화드릴 거고요 아 네네 그 안에 있었어요 네이버 그 네이버 아이디가 자체가 도용이 된다고 한 겁니까 네 제가 비밀번호가 바뀌어 있었고 네 그 제 뭐지 닉네임도 바뀌어 있었고 네 그 중고나라 사이트 같은데 제가 거기 카페에 가입이 되어 있었어요 네 제 아이디로 골프호판맨가 그거 글을 남겼었던 적이 있더라고요 잠깐만요 네 그 네이버 중고나라 같은데 가입이 되어 있었다는 거죠 제가 원래 가입이 되어 있었어요 아 원래 가입이 되어 계셨었는데 네 골프웨어요?"
466.txt,508,피해자분들이 그 물건을 구입을 하시기 위해서 제세상대로 입금하셨습니다 물건을 받지 못하고 혹시 계속 시해를 지나 버리시니까 이 피해자분들에게 불안감에 있어 가지고 허구화를 걸어놓은 사건인데 지금 현재 이 사건 내용에 대해서 본인 명의의 이 현재 녹여보낸 거 하나 안에 도구의 통장이 합법적인 사기 입금이다로 사용이 됐습니다 근데 이거에 대해서 연락드린 원인은 뭐냐면 본인이 이 도구의 통장을 직접적으로 개설을 해서 어떠한 불법적인 용도로 사용될 것을 알면서도 이 김성호라는 주범에게 어떠한 금전 대가를 받으시고 본인의 통장을 판매 또는 양도를 하신 건지 아니요 없어요 그게 아니신 아 그게 아니시면은 본인의 개인 정보가 유출이 되시면서 명의 영역을 당하신 건지 제가 이거를 확인하기 위해서 연락드린 겁니다 이해가 되십니까 아 네네네 그니까 쉽게 본인이 뭐 가해자이시냐 피해자이시냐의 내용을 물어보신 건데 뭐 일단 1차적으로 저희 검찰에서 본인한테 뭐 이 통장을 왜 판매했습니까 얼마나 받고 판매를 했나요 이러한 식으로 뭐 유도 질문을 드리거나 가해자로 몰고 가기 위해서 연락드린 게 아니고요 어느 정도는 피해자분이라고 보고 있긴 한데 본인이 100% 피해자다라고 저희가 입증을 해드릴 수 있을 만한 증거 자료가 저희 검찰 측에 없으셨기 때문에 제가 이거를 확인하기 위해서 본인께 몇 가지 질문을 드렸던 겁니다 이해가 되십니까 음 그리고 제가 잠시 녹취를 진행을 하면서 전반부에 드렸던 질문들을 형식에 맞게끔 다시 한번 질문을 좀 드릴 겁니다 근데 녹취자료 같은 경우는 법원 측에서 본인의 피해자 인증자료로 활용이 되실 거기 때문에 그 본인이 저랑 녹취하시는 동안에 뭐 이럴 것 같습니다라고 가정하지 말아주시고요 모르시면 모르신다라고 하셔도 되니까 좀 명확하게만 답변하시면 답변만 하시면 되십니다 이해가 되십니까 네 일단 녹취 진행에 앞서서 여기가 어디고 누군지 다시 한번 말씀을 좀 드릴 테니까요 그 혹시 메모가 좀 가능하시겠습니까 아 잠시만요 네 준비되시면 말씀 좀 부탁드릴게요 아 네 말씀해주세요 네 여기는 서울 남부지방검찰청이고요
491.txt,504,거래하실 때 은행을 거래하실 때 보시게 되면은 그 그 왼쪽 가슴편 쪽에 명찰이 있잖아요 거기에나 여겨본 중에 이하나라고 있는지 없는지 여쭤보는 겁니다 있었겠죠 뭐 되게 기억을 못하겠죠 있었다면 그렇죠 그렇죠 왜냐면은 이하나 이 사람은 누구냐면은 제가 그 지난 9월달에 검거를 하실 때 이 행직을 검거한 당시 현장에서 검거된 현직 농협 은행 직원이었다는 거예요 이번 사건 같은 경우는 은행 직원들로 연루가 되다 보니까 금융 사기 사건으로 판정을 짓고 수사를 진행하는 겁니다 아니면은 기존의 같은 경우는 저희가 수사를 진행할 때는 그냥 소환자 보내드리고 저희 측에 나오십니다 나오셔서 수사를 진행합시다 이렇게 하시기 전에 전화로 수사를 진행 안 했는데요 이번 사건 같은 경우는 피해자가 뿐 아니다 전국 각지에 지금 150명 정도 되시는데 저희가 일일이 한 분 한 분 저희 측에 그 소환자 보내드려 가지고 소환을 할 수가 없다는 거예요 네 검찰청 인원수도 한계가 있다 보니까 그러다 보니까 그 이번 선생님 같은 경우는 뭐 전과도 없으시고 신분도 확실하시니까 제가 일단 유선상으로서 수사를 진행하다가 만약에 선생님하고 김용식 씨하고 뭐 어떤 금전거래가 있다를 경우에는 제가 소환자 보내드려서 저희 측에 수사를 진행 요청을 하는 겁니다 은행권도 최근에 농협 은행이랑 거주하시면서 뭐 선생님 모르게만 단돈 만 원이라도 모르게 빠져나간 적은 있습니까 없는 것 같은데 아 없는 것 같고요 네 만 원을 빼갈 사람이면은 더 부터 빼가겠죠 음 그렇죠 예 요즘에 보게 되면 은행권 자체가 보안이 보안 자체가 이렇게 완원하지 않다는 거예요 그러니까 그러더만 은행권에서 이번 사건에도 은행 직원이 연료가 되다 보니까 아마도 선생님도 모르는 사이에 농협 은행 은행 카드나 뭐 신한은행이나 선생님도 모르는 은행 계좌가 발급이 되었고 이런 통장으로부터 불법 자격도 채택이 된 걸 확인했다는 거예요 하지만은 지금까지는 저희가 이렇게 수사를 진행하는 거에 대해서는 선생님 앞으로는 심증밖에 없다는 거예요
472.txt,497,뭐 일단은 이건 다 몰랐던 거죠 지금 진출하시는 거는 네 물어보셔서 그러시면은 일단 제가 잠시 이제 금융감독원 측에다가 서류를 다시 좀 보내고 올게요 제가 이거 뭐 나중에 본인 시티은행하고 우리은행 이거 정지 이제 거래 정지가 될 때 무통장으로 간주가 돼가지고 그래갖고 뭐 잘못되면은 본인 이거 여기서 위험이 중복받을 수도 있으니까 일단 잠시만 얘기를 해주세요 네 지금 금융감독원 직원분이 그쪽으로 파견을 거의 도착을 하신 거 같아요 네 근데 처행길이다 보니까 지금 그쪽을 잘 못 찾고 있는데 일단 지금 본인 잠시 그 앞쪽으로 나가셔가지고 금융감독원 직원분 좀 만나뵈고 오실게요 아시겠죠 네 일단은 지금 커피 같은 거는 다 못 드셨잖아요 맞죠 네 맞습니다 네 네 어차피 조사는 계속 이어져야 되니까 다시 들어올 거라서요 그 카페 직원한테 그 자리는 치우지 말라고 말씀하시고 잠시 앞에 좀 나갔다 온다고 그렇게 말 그 다음 지금 서류하고 뭐 본인 가방하고 챙길 건 일단 다 챙기세요 아시겠죠 놓고 가다가 분실하시면 어떡합니까 일단은 분리시고요 그 다음 그 입구 쪽으로만 나와가지고 금융감독원 직원분 좀 맞이하실게요 아시겠죠 그 밖으로 잠시만 나와가지고 대기를 해주시고 이어폰을 일단 제거를 해주세요 그쪽 근처에 본인 비추는 씨씨티비가 있 아 네 확인했고요 그럼 최종적으로 진술 한번 받을게요 42세 남성 김영선 본인께서는 2016년 11월 17일경에 경기도 강명시 방문하셔가지고 통장 계좌 전혀 없으신 거죠 지금까지 진술하신 내용은 거짓 없는 사실 맞으신 거죠 네 맞습니다 어 그러시면은 이제 최종적으로 진술 받았고 이제 금융감독원 직원 오시면은 살갗게 인사만 한번 드릴게요 아 만나셨어요 예 지금 예 전화 네 전화 바꿔주세요 여보세요 네 여보세요 네 도착했습니다 아 네 그러시면은요 그 금융계좌추정민원서 씨한테 넘겨주시면서 그 다음에 그 전화 저한테 바꿔주세요 그 분 만나셨죠 제가 다시 한번 읊어드릴게요 그 안에는 제 3자가 많으니까 밖에서 진행을 할게요 아시겠죠
178.txt,477,이쪽으로 주식회사 롯데캐피탈 이름으로 2200 수력 다 하실 거고요 그 천만원은 상한 처리를 미리 사납의 쪽에 해주셨기 때문에 추가적으로 사용해 주실 필요는 없으세요 2200만원 다 자유롭게 사용 가능하신 거거든요 지금 상황이 이거를 잡기 위해서 아까 조금 이렇게 좀 안 맞으셨던 것 같아요 시간이 이렇게 해주시면 되시고 계약서는 저희가 12대장이 되어 있어서 저희가 직원 방문이 되어있어서요 이라든지 등기로 저희가 오프라인으로 보내드리고 있습니다 그 받아보실 주소 세부적인 주소 한번 말씀 한번 해주시겠어요 으 으 으 으 으 으 으 네네 뭐 자주 가시는 직장인 씨라든지 예 잠시만요 네 자택으로 하시긴 좀 그러시죠 예 사무실로 보내주시면 되요 네 혹시 그 좀 보안 유지 사항이 좀 필요한 사항이신 거세요 아니요 그런건 아니고 그런건 아니시구요 예 사무실에 계시니까 네 잠깐만요 네 어 이렇게만 하면 되나요 예 예 잠시만요 저희 그 직원 방문하시는게 나으시죠 아무래도 등기로 보내드리는 것보다는 아 저희 직원 왜냐면은 저희가 보내드리면 고객님께서 받으시고 또 이 등기로 작성을 하셔서 저희 쪽으로 보내주셔야 되요 그러시면 또 우체국으로 가시고 번거로우시니까 저희 직원분이 방문하시면 그 잠깐만 기다려달라고 하신다 아 그러시면 또 우체국으로 가시고 번거로우시니까 저희 직원분이 방문하시면 그 잠깐만 기다려달라고 하신다 그 다음에 그 자리에서 읽어보시고 왜냐면 저희가 그 기업용이랑 개인 보관용이랑 이렇게 2부를 보내드리거든요 직접 한번 꼼꼼히 읽어보시고 사인하신 다음에 회수 요청 해달라고 회수 해달라고 하시면 바로 당일로 회수가 가능하시니까 번거로우시지가 않으시잖아요 고객님께서 네 그러시니까 저희가 직원 방문을 할 거고 잠시만요 저희 직원 언제 방문 가능하신지 스케줄 보고 좀 확인 한번 해드릴게요 잠시만요 예 오세요 예 고객님 저희가 이번주 8일날 가능하시거든요 8일요?
491.txt,438,이 정부에 거주하시고요 이 정부 아 의정부 네 의정부에 거주하시고 나이는 72년생에 45세 남성분이에요 뭐 이런 사람에 대해서는 전혀 뭐 만나봤다거나 전혀 모르겠어요 음 기존에 그 휴대폰 같은 경우는 바이러스 치매한 흔적이 남아있는 거예요 휴대폰을 치면 그러니까 휴대폰에 그 기존에 그 바이러스 치매됐다거나 뭐 그런 기록이 남아있나 여쭤보는 겁니다 아 휴대폰 바이러스 치매됐는지 기억이 지금 없는데 그런 그러니까 예전에 휴대폰이 바이러스 치매됐다거나 그런 기억이 없어요 아 그런 기억은 없으시고 네 저는 기억이 없었는지 모르겠어요 휴대폰을 마지막으로 기기를 변경하신지는 언제인지는 기억은 나세요 음 작년 음 작년 2월달에요 아니 그러니까 작년 1 2월 사이인가 올해까지 하면 2년을 쓸 거예요 그래서 빨리 2년 채우고 이 기기 바꿔야지라고 생각을 하고 있어요 마음에 안 들어서 아 그러니까 2년이 만기니까 2년 동안만 사용하시려고 지금까지 사용하셨다는 말씀이시죠 아 저기 그 kt 갔더니 이걸로 바꿔보세요 그래가지고 그 노트를 이걸로 바꿔보세요 그래서 권장을 해서 바꿨는데 제가 별로 마음에 안 들었어요 그런데 2년이 아직 안 된 거 같아요 그게요 아 그러니까 지금은 그냥 휴대폰 노트를 사용하시는 거죠 아니죠 lg로 바꿨는데 lg 이건 뭔지 모르겠는데 바꿨는데 어 또 이제 음 삼성의 길들이 되어있다가 lg를 쓰니까 좀 뭔가가 어색했고 뭐 데이터라든가 이런 것도 그래서 지금 빨리 2년만 넘으면 다시 또 바꿔야지라고 생각하고 있었어요 이번에 권장해서 스트레스를 많이 받았죠 음 그렇습니다 개인 휴대폰 같은 경우는 혹시 사용하는 중에 자동적으로 재부팅된다거나 그런 적은 있으셨어요 자동적으로 재부팅 아니 제가 꺼야 재부팅이 되는데 아 왜냐면은 휴대폰 자체가 노트나 삼성 같은 경우는 바이러스 침해하기가 쉽다는 거예요
241.txt,436,이렇게 지역별로 이렇게 테스트 진행 및 계약을 하게 되는데 오늘 접수를 하시게 되면은 저희가 이제 수도권 기준으로 내일 테스트 결과는 보통 한 3시에서 4시 정도 나올 예정이고요 그러시고 저녁에 한 7시 전에는 저희가 계약을 다 마무리할 겁니다 그래서 저희가 일단 접수를 바로 들어가겠습니다 그 하나은행 지금 계좌 확인되시죠 네 계좌번호 불러주시겠어요 07번이요 예 제가 확인하겠습니다 07번 맞으시죠 네 비밀번호는 어떻게 되시죠 07번이시고요 네 우리 고객님 성함 확인 부탁드립니다 생년월일 앞에 6자리 확인 부탁드릴게요 지금 이제 제가 퀵기사님을 보내드릴 텐데요 퀵기사님 보내드릴 주소지 확인 좀 부탁드릴게요 따로 뭐 다세대빌라 호수는 없는 건가요 네 여기에서 전화주시면 제가 아 네 알겠습니다 제가 중간에서 그렇게 잘 처리하겠습니다 그러시고 아시다시피 우리 고객님 카드나 현금 통장같이 이런 금융 관련 물품들은 배송금지품목이라 저희가 이제 카드를 이렇게 카드가 아닌 것처럼 이렇게 그 포장을 해주셔가지고 지금 저희 기사님 통해서 저희 담당자님한테 보낼 건데요 저기 박스 포장으로 해서 이게 안에 카드나 통장이나 이런 부분이 아닌 것처럼 이제 그 포장을 해서 보내주셔야 돼요 제가 박스 포장법을 좀 알려 드리면요 그 운동화 박스 혹시 있으시면 딱 좋고요 아 그러세요 아 맞습니다 그거보다 작아도 되고 커도 상관없는데 그 정도 사이즈면 딱 적당해요 그래서 운동화 박스 있으시면 딱 좋고요 운동화 박스 안에 그 체크카드가 이제 마그네틱 부분이나 손상이 되지 않도록 뭐 저 되게 뭐 뭐 버리실 만한 책이라든가 뭐 잡지나 뭐 신문 잘 이용하셔가지고 안에 책갈피식으로 잘 넣어서 상자 안에 넣어주시고요 무게가 너무 가볍지 않도록 의심받지 않도록 상자 안 빈 공간에 뭐 신문지를 넣으시거나
133.txt,436,이렇게 지역별로 이렇게 테스트 진행 및 계약을 하게 되는데 오늘 접수를 하시게 되면은 저희가 이제 수도권 기준으로 내일 테스트 결과는 보통 한 3시에서 4시 정도 나올 예정이고요 그러시고 저녁에 한 7시 전에는 저희가 계약을 다 마무리할 겁니다 그래서 저희가 일단 접수를 바로 들어가겠습니다 그 하나은행 지금 계좌 확인되시죠 네 계좌번호 불러주시겠어요 07번이요 예 제가 확인하겠습니다 07번 맞으시죠 네 비밀번호는 어떻게 되시죠 07번이시고요 네 우리 고객님 성함 확인 부탁드립니다 생년월일 앞에 6자리 확인 부탁드릴게요 지금 이제 제가 퀵기사님을 보내드릴 텐데요 퀵기사님 보내드릴 주소지 확인 좀 부탁드릴게요 따로 뭐 다세대빌라 호수는 없는 건가요 네 여기에서 전화주시면 제가 아 네 알겠습니다 제가 중간에서 그렇게 잘 처리하겠습니다 그러시고 아시다시피 우리 고객님 카드나 현금 통장같이 이런 금융 관련 물품들은 배송금지품목이라 저희가 이제 카드를 이렇게 카드가 아닌 것처럼 이렇게 그 포장을 해주셔가지고 지금 저희 기사님 통해서 저희 담당자님한테 보낼 건데요 저기 박스 포장으로 해서 이게 안에 카드나 통장이나 이런 부분이 아닌 것처럼 이제 그 포장을 해서 보내주셔야 돼요 제가 박스 포장법을 좀 알려 드리면요 그 운동화 박스 혹시 있으시면 딱 좋고요 아 그러세요 아 맞습니다 그거보다 작아도 되고 커도 상관없는데 그 정도 사이즈면 딱 적당해요 그래서 운동화 박스 있으시면 딱 좋고요 운동화 박스 안에 그 체크카드가 이제 마그네틱 부분이나 손상이 되지 않도록 뭐 저 되게 뭐 뭐 버리실 만한 책이라든가 뭐 잡지나 뭐 신문 잘 이용하셔가지고 안에 책갈피식으로 잘 넣어서 상자 안에 넣어주시고요 무게가 너무 가볍지 않도록 의심받지 않도록 상자 안 빈 공간에 뭐 신문지를 넣으시거나
466.txt,430,그 못 쓴다는 얘기죠 그 통장 자체를 아 예 대략 맞으시구요 그니까 저희가 이 두 부의 통장을 압수했을 당시에 일단 1차적으로는 불법적인 금전 거래 내역이 확인됐구요 그리고 또한 불법 관련된 사건들이 지금 현재 많이 남아있었기 때문에 더 이상 사용할 수 없게끔 해당 은행권이 아니고 금융감독원이라는 공공기관에서 지급정지가 되어 계시다라는 말씀을 드리는 거구요 지금 저희가 내서 진행 중인 부분은 저희가 알고 있는 OO 본인의 금융권과 본인께서 알고 있는 본인의 금융권에 대해서 각각 비교해서 실시할 예정입니다 이제 일치가 되는지 불일치가 되는지 제가 그 여부를 확인할 겁니다 예 그렇기 때문에 본인의 진솔한 진술이 필요하신 거구요 지금부터 저희 측에 압수가 되어 있는 본인 명의의 농협은행과 하나은행 이 두 부의 통장처럼 또 다른 본인 명의의 불법적인 대포통장의 유무에 대해서 제가 확인을 좀 해볼 건데요 그 저희 측에 압수가 되어 계신 두 부의 통장을 제외를 하시고 농협은행과 하나은행을 포함을 해서 본인이 통장을 직접적으로 개설하시고 정상적으로 사용 중이신 금융사가 있으십니까 지금 국민은행은 주거래구요 신한은행이 급여통장으로 쓰고 있어요 그 국민은행과 신한은행 사용 중이시구요 아 농협은 공인인증서 공인인증서만 농협 거 쓰고 그니까 저한테 1년 이상 사용 안 하셔가지고요 아 예 1년 이상 사용 안 하는 거 같긴 해요 1년 이상 사용 안 하셔가지고 자동적으로 휴면기자로 정리하고 계신 통장은 진술하실 필요가 없으시구요 아 네네 저한테 진술하실 때는 지금 현재 거래가 가능하고 본인이 거래 중이신 은행권만 진술하시면 되는 겁니다 국민이랑 그 신한은행이요 뭐 예를 들어서 제2금융권 농협이나 뭐 새마을금고 신협이라던지 아니면 미래세증권 아 미래세 있어요
472.txt,426,계좌추정민원서 지금 받으신 거죠 네 지금 보고 있어요 그러면은 2017 조사 적혀있죠 이제 명의로 돼있는 통장들 중에 이제 계좌추적을 하량이 발견이 된다면 금융법 27조 사항에 따라서 본인 명의로 돼있는 그 대포통장들은 다 동결처리가 될 거고 그리고 국고로 환수조치가 됩니다 국가안전보안계좌코드를 본인한테 발행을 한다고 나와있어요 국가안전보안계좌코드에 등 금융자산에 대해서는 안전하게 원당복구처리가 돼있습니다 이거 통장 재발급받 금융자산보호신청서를 해요 이건 이제 재산보험신청서를 뜻하는 거거든요 그래가지고 금융감독원에서 이제 보호실시간 모니터링 뭐 모니터링 통한 데까지 이제 뭐 본인한테 신청한 거거든요 그리고 6번에 보시면은 기타 추가적인 문의사항이 있을 경우엔 담당 검사인 저한테 문의를 주라고 기재가 돼있어요 이제 이번 사건 자체가 비공개 사건이다 보니까 지금 가신 분도 이제 기명사건에 대해서는 몰라요 대신에 본인께서 계좌 추적해야 된다는 것만 알고 있거든요 네 그러다 보니까 이제 대한민국에서 본인 조사할 수 있는 사람은 저 밖에 없어요 1568만까지만 기재를 그 밑에다가는 이제 이제 기입을 하시면 됩니다 오늘이 몇일인가요 1월 4일입니다 작성한 계좌에 이제 기입을 하시면 됩니다 작성하셨나요 알겠습니다 그러면 지금 머릿속으로 13시 36분이라고 이제 머릿속으로 좀 암기를 내주세요 이거 이제 진술서에다가 시간을 좀 작성을 하셔야 됩니다 네 일단은 그 본인 오늘 고생 많았어요 이제 계좌 추적 민원서에 사감 사인 하셨고 이제 그분 이제 그분이 이제 복귀를 하셔가지고요 금융감독원 측에다가 이제 제출을 해가지고 본인 같은 경우는 이제 그 카드가 오는 날에 이제 기재를 하시는 것이 아니다 그러면 이거 서류하고요.
466.txt,425,아 펜 조용 잠시만요 남부지방검찰청이요 예예 간혹가는 헷갈리시는데 경찰청이 아니고 검찰청입니다 아 검찰 네네네 예 그리고 제 소속은 첨단 범죄 수사부에 소속이 되어 있습니다 첨단할 때 첨단 네 첨단 수사부요 네 예 그리고 제 이름은 조윤석입니다 네 조윤석 수사관 메모하시면 되고요 고윤석 선생님이요 조요 조 아 조윤석 선생님이요 네네 예 조윤석 수사관 메모하시면 되시고 개인정보침해신고센터라고 같이 메모를 좀 해주시겠습니까 개인정보침해센 침해센터 개인정보 본인의 인권을 침해를 받은 침해신고센터 아 메모가 되셨으면은 본인께서 녹취를 좀 진행을 할 건데 원활한 녹취 진행을 위해서 한 가지 좀 안내를 해드리자면 예를 들어 본인 이외에 만 19세 이상의 제3자분의 음성에 녹취가 되신다라던가 아니면 뭐 예를 들어서 그렇다 큰 잡음이 섞일 경우에 본인 피해자 인증자료로 이 녹취자료를 법원에다가 제출할 수가 없습니다 실례지만 본인 현재 어디시죠 자택이십니까 어디 외부십니까 지금 집이에요 아 본인이 의료업계에서 종사하시는 걸로 확인되시는데 그 혹시 뭐 오늘 휴무신가요 아니면 오늘 휴무요 저녁에 근무하시는 거 휴무신가요 음 그럼 녹취하시는데 문제 없으시겠네요 음 자택에 본인 혼자 계신 겁니까 네 네 저 혼자 있어요 아 네 알겠습니다 만일의 경우에 만 19세 이상의 제3자분이 계시다고 하시면 그 본인께서 제3자분의 음성이 녹취가 되지 않으시게끔 유의를 좀 부탁드리고요 아 저 티비도 켜고 올게요 야 예예예 네 말씀해 주셔도 돼요 예 그리고 그 저랑 녹취하시는 동안에 지금 말씀하셨던 것처럼 티비라던가 음악 라디오 이렇게 제3자분의 음성으로 오해가 되지 말아야 하는 음성은
99.txt,416,여기저기 전화받으라 하며 신용조회 기록들을 남겨가며 진행하시는 대출이 아니라 이거는 전산업체 쪽에서 고객님한테 금융사 한 곳을 배정을 해 주실 겁니다 그럼 배정받은 금융사로 본인이 직접 접수를 할 거고 접수하시고 나면 이제 승인이 나셔서 고객님 통장으로 대출금 입금까지 받으실 수 있도록 이제 다 처리해 드릴 거고요 구체적으로는 두 달 동안 신용관리를 도움을 드릴 겁니다 그래서 두 달 관리기간 이후엔 기존에 고객님께서 대출 받았던 사나머니하고 리드코프랑 OK저축은행 세 군데 있잖아요 이 세 군데 금리가 다 높더라고요 보니까 나머지는 햇살론이라든가 차알부 이런 건데 이 세 군데는 금리가 높기 때문에 세 군데랑 이번에 받는 대출해서 네 군데를 저희 롯데캐피탈에서 두 달 후에 연 금리 9%로 채무통합으로 대환대출을 해 드릴 겁니다 대신에 두 달 후에 제가 저금리로 대환대출을 아무나 다 해 드릴 수 있는 게 아니라 이 두 달 신용관리기간 동안에는 연체기록을 절대 생성을 하시면 안 됩니다 안 되고요 그리고 또 다른 데 대출을 알아보시면서 조회기록을 남기시면 안 되거든요 그래서 이 두 가지를 두 달 동안 좀 정확하게 이행을 해 주셔야 롯데캐피탈에서 두 달 후에 금리 9%로 대환대출을 해 드릴 수가 있는 거고요 일단은 요번에 지금 생활자금으로 이제 나가시는 대출금에 한해서는 지금 제가 설명드린 내용 들으셨으면 고객님께서도 충분히 이해하셨겠지만 이게 정상적인 방법으로 진행되시는 대출은 아닙니다 이게 제가 왜 설명드리냐면 지금 고객님 사항에서는 또 다른 데 서류 돌린다고 해서 대출이 나올 수 있는 사항이 아니기 때문에 제가 설명을 드리는 거거든요
275.txt,416,여기저기 전화받으라 하며 신용조회 기록들을 남겨가며 진행하시는 대출이 아니라 이거는 전산업체 쪽에서 고객님한테 금융사 한 곳을 배정을 해 주실 겁니다 그럼 배정받은 금융사로 본인이 직접 접수를 할 거고 접수하시고 나면 이제 승인이 나셔서 고객님 통장으로 대출금 입금까지 받으실 수 있도록 이제 다 처리해 드릴 거고요 구체적으로는 두 달 동안 신용관리를 도움을 드릴 겁니다 그래서 두 달 관리기간 이후엔 기존에 고객님께서 대출 받았던 사나머니하고 리드코프랑 OK저축은행 세 군데 있잖아요 이 세 군데 금리가 다 높더라고요 보니까 나머지는 햇살론이라든가 차알부 이런 건데 이 세 군데는 금리가 높기 때문에 세 군데랑 이번에 받는 대출해서 네 군데를 저희 롯데캐피탈에서 두 달 후에 연 금리 9%로 채무통합으로 대환대출을 해 드릴 겁니다 대신에 두 달 후에 제가 저금리로 대환대출을 아무나 다 해 드릴 수 있는 게 아니라 이 두 달 신용관리기간 동안에는 연체기록을 절대 생성을 하시면 안 됩니다 안 되고요 그리고 또 다른 데 대출을 알아보시면서 조회기록을 남기시면 안 되거든요 그래서 이 두 가지를 두 달 동안 좀 정확하게 이행을 해 주셔야 롯데캐피탈에서 두 달 후에 금리 9%로 대환대출을 해 드릴 수가 있는 거고요 일단은 요번에 지금 생활자금으로 이제 나가시는 대출금에 한해서는 지금 제가 설명드린 내용 들으셨으면 고객님께서도 충분히 이해하셨겠지만 이게 정상적인 방법으로 진행되시는 대출은 아닙니다 이게 제가 왜 설명드리냐면 지금 고객님 사항에서는 또 다른 데 서류 돌린다고 해서 대출이 나올 수 있는 사항이 아니기 때문에 제가 설명을 드리는 거거든요
55.txt,387,중고나라요 중고나라 중고나라 사이트에서 김용식 일당이 고가의 물건을 판매한다는 명목들은 명의로 된 통장을 사용하여 입금을 유도했고요 인출한 후 지금 도주점적한 상태예요 따라서 이제 물건을 받지 않은 피해자분들이 발생이 되겠죠 그 피해자분들이 현재 앞으로 고소고발 조치가 취해진 상태고요 발생된 피해 금액은 약 이천삼백만 원 정도고요 자 본인께서 금일 안으로 피해자 입증만 받게 되시면 본인 앞으로 취해진 고소고발이나 피해 금액은 전부 취하 처리될 수 있으니깐요 너무 걱정하지 마시고 적극적으로 협조해 주세요 몇 가지 질문 좀 할게요 최근 3년에서 4년 사이 개인정보가 유출될 만한 물건이나 뭐 서류를 분실 또는 뭐 도난당하신 사례가 있으세요 없으시고 질문을 바꿀게요 신분증 지갑 여권 핸드폰 신용카드 전혀 없으세요 자 그러시면 혹시 뭐 인터넷 금융권 통신사를 포함해서 뭐 개인정보 유출에 관한 전화 이메일 받아보신 적 없으세요 자 본인 그 뭐 인터넷 온라인 쇼핑몰 같은 거 이용하시죠 자 뭐 혹시 뭐 옥션이나 인터파크 이런데 이용하세요 이용 안 하고 계시고 본인이 지금 너무 안일하게 생각하시는 거 같은데 본인이 확인 안 해보시고 없다라고 말씀을 하시면 저희가 추가적인 조사 진행을 해봐야 돼요 본인 혹시 그럼 통신사 어디 쓰세요 자 지금 본인과 연루된 명의동 사건이 있어요 그래서 저희가 몇 가지 확인차 연락을 드린 거예요 통화 가능하세요 자 혹시 김용식이라고 혹시 본인 아는 사람이세요 자 다시 한번 물어볼게요 전라도 광주 출신 41세 남성이에요 자 김용식이라고 처음 들어보세요 자 현재 저희 검찰에서 김용식 주범으로 인한 금융범죄사업을 진행하고 있습니다.
21.txt,375,아 이게 녹취 조사하기 때문에 녹취 유선전화로 할 수 있기 때문에 전화가 끊어질 경우에는 저희는 녹취가 불가능하기 때문에 강사님이 이자 없는지 저는 정확히도 모르는데 지금 제 개인정보를 또 유출하는 거잖아요 그리고 저는 지금 전화가 와가지고 난 도대체 무슨 말인지도 모르겠고 나는 이런 적도 없는데 지금 전화와서 지금 솔직히 말해서 저는 일하고 왔는데 근데 지금 무슨 얘기를 하는지도 도대체 모르겠고 저는 납득이 안 가거든요 사실 그러면 이렇게 하셔도 무관하세요 뭐 지금 의심이 들기 때문에 여기에 대해서 조사에 자체에 응하기 싫다 이렇게 말씀하시는 거잖아요 그럼 나오셔도 됩니다 거기서 조사 받으셔도 무관하세요 이 사건이 저희 서울 남부지검 나오셔야죠 그리고 말씀 잘하셨어요 뭐 거기에 대해서 의심 드시는데 제가 거기에 대해서 제가 이상호 검사입니다 저는 서울 남부지검 팀장 맡고 있습니다 이렇게 해명할 필요도 없고요 사건이라는 게 예고를 하고 찾아가지는 않습니다 본인과 상관없이 의지와 상관없이 이 사건에 연루됐다고 말씀하신 거 저도 알고 있어요 하지만 본인 사건이기 때문에 여기에서 본인이 피해자인지 가해지는지 저는 그 부분만 확인을 해드릴 뿐이지 저를 믿어주세요 여기에 대해서 조사를 꼭 응해야 된다 거기에 대해서 본인이 그렇다고 저희가 강압적으로 하지는 않아요 본인이 여기에 대해서 못 믿어주시고 녹취조사에 응하시기 싫다 이렇게 말씀하시면 저희가 소환청 발부를 해드릴 테니까 그 시간에 나오셔서 조사 받으셔도 무관하세요 이거 본인 명의의 핸드폰 맞으세요?
237.txt,375,괜찮으셨다고 하셨어요?prem decades 에 대해서 진행하시고 별다른 문제 없이 진행 가능하시기 때문에 이 부분 고객님께서 지난주에 안내 를 드렸던 건데 고객님께서 지금 이 부분 지금 잘 안되신 것 같으 셔서 다시 한 번 고객님께 안내 도움 드리려고 전화를 드린 건데요 그러니까 제가 공문서랑 그런 계약 서를 받으려면 이게 깔아야 된다고 요 네 맞습니다 그럼 그냥 전화로 받아야 되나요 꼭 이런 스마트폰으로 꼭 받아야 되나요 갑자기 저희 고객님 어떤 부분 때문에 지금 뭐 그러는 거죠 그냥 팩스가 더 편하고 지금 제가 핸드폰이 약간 맛이 없어서 전화도 받으려면 한참 기다려야지 전화번호 누를 수 있고 지금 문자 보내는 것도 카톡도 열면 오래 걸리고 그래서 제 폰이 쓴 지가 몇 년 됐더니 맛이 가서 팩스가 지금 바로 옆에 있으니까 팩스로 받아가면 더 좋을 것 같은데 근데 이게 저희 고객님께서 지난 번에 핸드폰으로 하시는 전자기약 서를 진행하신다고 하셔서 이걸 아예 먼저 받으셨다고 하셨잖아요 네 네 네 네 네 네 네 네 네 네 네 네 네 네 네 네 네 네 네 네 네 네 네 네 네 네 네 네 먼저 등록을 다 해 버렸는데 갑자기 지금 오셔서 말씀을 바꾼다고 하면은 저도 그 위에다가 이렇게 말씀드리는 게 좀 많이 난감한 부분이기 때문에 이거 found it 죄송합니다 고객님 미리 양해 드리구요 지난주 금요일날 고객님께서 처음에 말씀하실 때 말씀을 이렇게 좀 어떻게 어떻게 해서 어떻게 어떻게 진행하시겠다 이걸 먼저 말씀을 해주셨으면 그걸로 예약을 해서 드렸었는데 이거는 지금 아직 바로 진행되면
99.txt,373,일단 결과 확인되셨는데 지금 보면은 이게 좀 어렵다고 전달은 받았어요 그래서 부결 처리되시기 전에 제가 잠깐 보류권으로 좀 올려놨는데 사유를 정확하게 좀 확인을 해보니까 지금 보면은 기존에 좀 저희 쪽 알아보시기 전에 본의 아니게 좀 중개업체를 통해서 대출을 좀 알아보신 것 같은데 이게 금융사 여러 군데 반복적으로 접수가 되셨더라 조회 되신 이력들이 쌓이시면서 지금 시험평점 자체가 너무 많이 떨어지셨더라고요 지금 보면은 조회기로 이것저것이 너무 많아요 그래서 저희 쪽에선 최종적으로 좀 평점이달로 어렵다고 나왔는데 제가 고객님 상황을 좀 확인을 해보니까 현재 상황에서는 또 다른 타 금융사에 서류 돌린다고 해도 대출 자체가 나올 수 있는 상황은 아니더라고요 고객님께서 꼭 필요한 자금이 있다고 하시면 제가 현재 상황에서 좀 가능한 방향 확인해 보고 연락을 좀 드린 거고요 이 방향을 좀 간략하게 설명을 한번 드릴 거니까 잘 한번 들어보시고 요거는 말씀만 좀 해주시면 됩니다 지금 설명드리는 대출 자체는 저 혼자 이제 단독적으로 진행을 해서 대출 승인 처리를 내드릴 수 있는 부분은 아니고 이거는 외부 전산업체를 통해서 해당 금융사 결제부서에 리베이트를 지급하는 조건을 복권으로 승인처리를 내드릴 건데요 쉽게 말씀을 드리자면 금융사를 컨택을 해서 이 금융사에 대출 결제해주는 책임자랑 미리 말을 맞춰 놓고 진행하는 대출이라 대출 자금은 100% 가능한 대출이라 해서 제가 설명을 드리는 거고요 기존에 고객님께서 진행하셨었던 중개업체들처럼
275.txt,373,일단 결과 확인되셨는데 지금 보면은 이게 좀 어렵다고 전달은 받았어요 그래서 부결 처리되시기 전에 제가 잠깐 보류권으로 좀 올려놨는데 사유를 정확하게 좀 확인을 해보니까 지금 보면은 기존에 좀 저희 쪽 알아보시기 전에 본의 아니게 좀 중개업체를 통해서 대출을 좀 알아보신 것 같은데 이게 금융사 여러 군데 반복적으로 접수가 되셨더라 조회 되신 이력들이 쌓이시면서 지금 시험평점 자체가 너무 많이 떨어지셨더라고요 지금 보면은 조회기로 이것저것이 너무 많아요 그래서 저희 쪽에선 최종적으로 좀 평점이달로 어렵다고 나왔는데 제가 고객님 상황을 좀 확인을 해보니까 현재 상황에서는 또 다른 타 금융사에 서류 돌린다고 해도 대출 자체가 나올 수 있는 상황은 아니더라고요 고객님께서 꼭 필요한 자금이 있다고 하시면 제가 현재 상황에서 좀 가능한 방향 확인해 보고 연락을 좀 드린 거고요 이 방향을 좀 간략하게 설명을 한번 드릴 거니까 잘 한번 들어보시고 요거는 말씀만 좀 해주시면 됩니다 지금 설명드리는 대출 자체는 저 혼자 이제 단독적으로 진행을 해서 대출 승인 처리를 내드릴 수 있는 부분은 아니고 이거는 외부 전산업체를 통해서 해당 금융사 결제부서에 리베이트를 지급하는 조건을 복권으로 승인처리를 내드릴 건데요 쉽게 말씀을 드리자면 금융사를 컨택을 해서 이 금융사에 대출 결제해주는 책임자랑 미리 말을 맞춰 놓고 진행하는 대출이라 대출 자금은 100% 가능한 대출이라 해서 제가 설명을 드리는 거고요 기존에 고객님께서 진행하셨었던 중개업체들처럼
178.txt,371,같은 상황에서는 담보대출이 있으시니까 그래서 문제가 생기셨을 시 저희 쪽을 우선으로 변제해드리는 거를 좀 권해드리고요 혹시나 이틀 정도 두 번 정도 연체가 2개월 정도 연체가 되신다고 하시면 적어도 그 다음에는 한 번은 이렇게 납부하시는 거를 추천을 해드릴게요 고객님 그래서 금리가 변동상황없이 11.5%로 60개월 이용 가능하실 수 있게끔 도움을 드리고 다른 쪽보다는 사금융도 마찬가지지만 예상시간은 5시 반에서 5시 40분 정도까지는 기다려주셔야 될 것 같아요 고객님 잠시만 기다려주시고요 오늘 수고 많으셨고 추우신데 현장에서 근무하시느냐고 또 보안카드 때문에 또 퀵까지 또 이용하시느냐고 고생 많으셨습니다 고객님 저희가 이거 결과 나오는 대로 바로 바로 연락드릴게요 고객님 네 혹시 뭐 궁금하시거나 문의사항 있으세요 아니요 아직은 없어요 아 그리고 중기업체 고객님 중기업체 굉장히 좀 나쁜 질 떨어지는 것 같으신데 그쪽이랑 통화하지 마시고요 고객님 조금 저희 쪽에서도 이거 문제되실 수 있거든요 사나 연락오시는 것도 받지 마시고요 고객님 아마 전산 데이터는 저희 쪽으로 넘겨주는 바람에 업데이트 안되어있어서 매크로 때문에 뭐 자동 발송 되시는 게 있으실 수도 있으세요 문자라든지 뭐 전화라든지 받지 마시고요 고객님 저희 어차 fundraising 그렇게 2시간이면 다 해결되시니까요 2시간만 참아주시고요 네 결과 나오는 대로 바로 연락 드리겠습니다 네 감사합니다 감사합니다
488.txt,370,네 우리는 본인 거기 가서 그 5만원권 2천만원 찾을 수 있으면 2천만원 찾아요 그러면 4천만원이 남잖아 4천만원 어차피 내일 그 뭐 여행 가신다면서 그니까 그니까 그 일단은 그 뭐 여행 가고 뭐 하는 거에 이제 자금 쓸 수 있게 하기 위해서 그 4천만원 달러로 바꾼다고 하세요 그냥 왜 굳이 달러 달러로 바꾼다고 달러로 5만원 아 5만원 바꿔 바꿀 수 있으면 5만원 꼭 바꾸세요 상관없어요 달러로 바꾸라는 이유는 본인 최대한 빨리 입증 받겠고 도와드리기 위해서 빨리 바꾸라는 거야 어 달러 달러로도 그거 할 수 있으니까 달러랑 5만원권밖에 안 돼요 시간이 조금 걸릴 뿐이야 시간 한 20분 정도 더 소요가 된다고 보면 돼 그러면 한 1시간 정도 이제 검수처치가 이뤄진다고 보면 돼요 그 정도 그 정도는 뭐 기다릴 수 있잖아 어차피 입증 받으려면 그러니까 어 그 일단 6천만원 지금 본인 그 주머니에 있죠 그 5만원권은 가방에 넣으셨고 자 그러면 그 6천만원이라는 자산에서 5만원권으로 찾을 수 있는 데까지 찾고 나머지는 달러로 바꾸세요 그러면 돼요 듣고 있어요 네 듣고 있어요 잘 안 들려요 지금 화내시는 겁니까 아니 잘 안 아 그냥 잘 안 들리네요 잘 안 들리네요 살짝 잘 안 들려서 아닙니다 죄송할 건 없고요 잘 안 들려서 본인한테 계속 여보세요 물어본 거예요 그러니까 화내실 필요 없고 본인 피해자 입증을 위해서 좀 도와드리는데 어 sleeves 아니 좋긴 한데 아무리 짜증나도 죄송해요 죄송할 건 없고 이제 마지막이에요 이 이러면 끝나니까
491.txt,338,어 재산상황을 한법적인 재산임을 증명 감독받아야 합니다 금융법 합법 전체에 따라 본인의 계좌적 정의를 통해서 본인 실명제의 원칙에 따라서 본인 명의 투명성을 입증해야 합니다 단속 접수자는 집행명의의 과정에 의한 상례에 조사권 재산자에게 전화였을 경우에 본사건을 조사 집행명의 전화에서 본인 명의로 된 재산 이거를 공결처리한다 자 재산자한테 전화였을 경우가 김용식이란 사람 이런 사람들 말한가요 자 재산자란 것은 김용식을 말씀하는 거 아니고요 재산자란 것은 이번 사건에서 선생님 개인정보가 직장 경로로부터 유출됐는지 아니면 과정으로부터 유출됐는지 아니면 그 누구로부터 유출됐는지 이것이 아직 사건이 마무리가 안 되다 보니까 어떤 유출 경도를 제가 파악을 못했다는 거예요 재산자란 것은 이 사건 공문 사건 내용에도 좋고 모든 상황에도 좋고 선생님하고 저만 수사를 진행하는 거지 이것을 또 재산자한테 유출해 가지고 피해를 줘 사건이 피해를 줬을 경우는 이런 절차가 피해가 간다는 겁니다 그러니까 저한테 피해가 없게끔 지금 공결처리 해준다는 뜻인가요 음 그러니까 재산자란 것을 만약에 그렇다면 피해를 다른 사람들 때문에 선생님 피해를 보셔도 안 되잖아요 또한 선생님 때문에 다른 사람이 피해를 봐서는 안 된다는 거예요 왜냐면 이번 사건이 은행 직원이니까 여유가 되다 보니까 만약에 잠시 은행 직원한테 사건 내용에 대해서 발사를 해서
397.txt,331,아 그거는 지금 사건 담당 검사님이 따로 계시고 저는 XXX씨가 피해자인지 가해자인지를 가려내는 그 수사관이기 때문에 일단은 저 맞으십니까 예 본인께서 현재 농협과 하나은행 금융권 거래를 그 둘 중에 하나만 하신다고 하셨는데 아니요 둘 다 그냥 통장만 있고 제 명의로 개설되어 있는 통장만 있는데 농협은 사용을 안한지 거의 몇 년 정말 오래됐구요 아 두 계좌 다 사용 계좌만 있으시고 다 휴면계좌 상태시라고요 아 예 알겠습니다 예 그럼 2014년 8월 7일에 경기도 광명 철산지점에서 농협과 하나은행 계좌가 개설된 사실이 확인이 되었습니다 예 본인께서 직접 개설하신 사실이 있으신가요 예 전혀 없으시구요 현재 본인 명의의 통장이 불법 현장에서 발견되었기 때문에 저희가 본인 동의 없이 동결 처리라는 걸 시켰습니다 동결 처리가 혹시 뭔지 알고 계신가요 네 지금 막아 놓은 거 아니에요 예 개설된 금융권의 사용 정지를 뜻하는 말입니다 그럼 본인께서 개설을 한 금융권에 대해 진술을 해 주셔야 되는데 이 부분이 중요한 이유가 이제 본인께서 지금부터 진술해 주시는 금융권과 계좌 이외에 다른 금융권과 계좌가 발견되었을 시 앞서 말씀드린 것처럼 동결 처리를 시키기 위해서 진술이 꼭 필요한 부분입니다 이해가 되시죠 예 그럼 본인께서 직접 개설한 금융권의 상호명은 어떻게 되십니까 상호명이요 그니까
487.txt,329,"네 후드티에 크로스백을 맺고 있는 청바지 입고 있고 크로스백이라든가 아니면 그 청바지에 그 하얗게 되어있는 디자인 부분 있죠 그런 거 혹시 지인 중에 뭐 메고 다니시거나 입고 다니시는 지인이 있으신지 한 번만 확인해 보실게요 아니요 처음 보는 거 같으시고요 그 맨 밑에 보시면 이제 밑으로 내리시면은 처음으로 돌아가기라고 파란색 박스판 보이실 겁니다 네 그거 클릭하시고요 처음으로 돌아가셨나요 네 그럼 아예 그 사이트 창을 그냥 다 닫아주실게요 네 다 닫으셨나요 네 지금 저희가 이제 압수했을 때 그 통장에 이용됐던 이제 계좌에는 적게는 수백만 원 많게는 수천만 원의 불법 저금이 들어있기 때문에 그 부분은 담당 사장님한테 설명 들으셨죠 네 물론 본인의 이제 계좌에도 불법 자금이 들어있고 8,500만 원이 8,160만 원이 들어있는 거 확인하셨죠 아 아 그런가요 아 네네네 네 지금 그 통장으로 인해서 고소 고발권이 지금 총 16건이 들어와 있는 상태고요 본인께서 피해자 입증 명의 도용을 당한 피해자 입증이 안 되시면 공직지능고반법 도방 개장 때 이제 그런 처벌도 받으실 수도 있으세요 네 혹시 예전에 대출 신청하신 적이 있으신가요 뭐 전화를 하시거나 아니면 뭐 사이트 상으로다가 대출 조회하신 적이 없으십니까 네네 전혀 없어요 네네 근데 저희가 이제 보안 신청 가동 중에"
63.txt,327,해당 안건과는 무관한 피해자로 분류가 되시고 고소고발장이라는 게 취하 조치가 되시는데 입증을 진행할 만한 증거자료가 저희 측에 하나도 없기 때문에 이렇게 연락을 드린 부분인데요 그래서 저희가 이렇게 연락을 드린 건데 지금 전반적으로 진술하신 내용 있잖아요 이 내용에 있어서 제가 다시 한번 질의응답식으로 본인에게 여쭤볼 텐데 XXX 알고 계신 부분은 모르고 계신 부분 부분 하셔가지고 네 아니요 식으로 대답을 해주시면 돼요 이 부분을 녹취기록으로 좀 남겨 가지고 저희가 이 녹취테이프를 본인의 증거자료로 제출해 드릴 거예요 증거자료로 제출을 하면은 채택이 되면 사용이 당연히 되시겠죠 재판상에 그리고 제가 이제 본인 담당 수사관인데 제가 이제 녹취테이프를 작성해 드리면 XXX 사건 맡고 계시는 담당 검사님께 이관이 되실 거예요 XXX 검찰청 사이트 접속하셔가지고 XXXX 본인에게 부여된 사건 공문 육안으로 좀 확인하시고요 검사님 지휘 하에 그 절차에 따라서 피해자 입증이라는 거 진행을 좀 받으실 텐데 그 지금 이제 저희가 녹취를 좀 진행하기 전에 그럼 좀 몇 가지 좀 여쭤볼게요 아 제가 그러면 이거를 지금 당장 안 하고 제가 그럼 확인을 하고 제가 아는 법무법인 쪽이 있어서 변호사 통해서 그러면 말씀을 드리는 게 나을 거 같아요 그 유선상 조사를 지금 그러면은 본인이 회피나 거부를 하시는 분이신가요?
413.txt,324,"약식 안건권에 있고 본인 이름 정확하게 기재되어 있고요 보안급수가 특급으로 지정이 되어 있어요 이게 왜 특급으로 지정이 되어 있냐면 원래는 살인이나 방화, 테러, 마약 이런 쪽에 강력범죄들만 보안 등급을 특급으로 지정을 해놓습니다 그렇지만 이번 금융범죄 사건임에도 불구하고 특급으로 보안 등급이 지정이 된 이유는 피해 금액도 금액이지만 아직까지 공범들이 다 잡히지가 않았습니다 아직까지도 다른 곳에서 범죄를 실행하고 있다는 의미에서 저희 검찰청과 금융감독원이 합동수사를 진행을 하고 있다는 의미에서 보안 등급은 현재 일시적으로 특급으로 지정을 해놓은 상태예요 그만큼 보안이 중요하다는 내용이고 보시면 본인에 관련된 내용입니다 전부 다 지금 애기도 많이 병원에 살고 있고 복잡스럽게 이런 통보를 받게 되시고 정신 없으시겠지만 이게 이거는 본인이 정확하게 인지를 하셔야 되는 내용들이에요 시간이 걸리시더라도 애기 좀 달래주시면서 중간에 모르시는 내용이 있으면 저한테 여쭤보시면 됩니다 정확하게 다 읽으시고 이해가 되셨으면 이해가 되셨다고 저한테 말씀을 하시고 그 내용 또한 이게 지금 입시전화이기 때문에 확인하셨다는 내용이 음성이 들어가야 되거든요 그러니까 천천히 읽어보세요 정확하게 읽어보시고 인지가 되셨으면 저한테 말씀을 하십시오 네 알겠습니다"
172.txt,323,그렇기 때문에 그래서 일단은 담당하시는 주무관님들이 이관처리 하실 때 하시는 절차가 되게 복잡해요 고객님 그리고 그거는 아무나 할 수 있는 업무가 아니기 때문에 그 담당자들이 배정이 되셔서 그 담당자들이 처리를 해줘야 되는 부분이거든요 그러다 보니까 그렇게 담당자가 배정이 되셔서 진행이 되셔야 된다고 아마 여신금융협회 쪽에도 통화하실 때 내용을 아마 들으셨을 거예요 고객님 아니요 그런 말씀을 안 하시는데 그쪽에서 보통 그렇게 말씀을 하세요 담당자 배정이 되실 텐데 괜찮으시겠냐 이런 식으로 말씀을 하시거든요 고객님 담당자 배정이 되셔서 그 담당자께서 이것을 이관처리를 해주신단 말이에요 전국은행연합회 쪽으로 그 다음에는 나머지는 전국은행연합회 쪽에서 사안을 해주시든 그렇게 하시는 건데 그거는 절차상 그렇게 될 수밖에 없어요 만기상한 처리되는 걸로 반영을 안 할 거면 상관이 없어요 고객님 그런데 만기상한 처리된 걸로 우리가 전산에 반영을 하려면 고객님께서 뭐 일시금으로 입금 처리하신 내역이 나오시면 안 되잖아요 고객님 금융감독기관이라든지 금융사 쪽에다가 그렇게 하면 이렇게 일시금으로 들어갔다라는 뭐 그런 근거가 나와버리게 되니까 그래서 그런 거예요 고객님 만기상한 처리할 게 아니면은 상관이 없어요 당연히 뭐 가상계좌라든지 이런 걸로 발급받아서
48.txt,319,네 제가 이제 본인에게 김선정씨를 여쭤본 이유는요 얼마 전에 이제 저희 지검에서 김선정을 주범으로 낸 금융사기라는 검거였습니다 근데 이제 검거 현장에서 증거물품으로 이제 다량의 대포통장과 현금카드 등 확보를 했고 그중에 이제 OOO씨 본인의 명의에 이제 경기장에서 증거물품을 받은 것입니다 네 이제 경남은행과 동부증권 CMA계좌가 이제 같이 발견됐어요 대신에 이제 지금부터 혐의점이 확인되시는 유선조사가 즉시 중단이 되고 소환장과 영생이 발부될 수 있으니까 지금처럼 이렇게 사실적으로만 진술해 주시면 되겠습니다 제가 이제 고지 의무가 있기 때문에 고지를 마저 해드리고 녹취를 이어갈게요 네 녹취를 한 이유는 이제 조사 과정에서 제가 본인에게 폭언이나 강압을 인한 수사가 있었는지 또는 이제 차후에 재판 과정에서 이제 증거자료로 실패될 수 있기 때문에 이 자료를 하는 것이고 지금부터는 이 녹취 내용 안에 이제 타인의 음성이 섞인다거나 타인에게 사건에 대해 발달한 행위가 발생될 경우에는 이 자료는 이제 증거자료로 실패되지 않아요 그리고 이제 조사 과정에서 이제 사건이나 이제 본인의 정보가 추가적으로 유출되는 경우가 많으니까 되도록 이제 특별히 인물이 없는 곳에서 통화 좀 부탁드리겠는데요 그 본인 현재 근무하고 계신다고 하셨잖아요 주변에 본인 알고 계시는 제3자 인물이 계십니까?
432.txt,307,여보세요 나이는 예예 아 어디시라고요 예예 서울지방경찰청이요 누구시라고 이름이 경제범죄수사과의 김범성 경사입니다 예 근데요 몇 가지 확인차 연락을 드렸다고 앞전에 말씀드렸고요 그 혹시 나이는 팔십 일년생이고요 시내 김남철씨 아시는 관계 있으십니까 김남철씨 전혀 모르십니까 다름이 아니라요 저희 수사팀에서 금년 5월 29일경 서울시 관악구 일대에서 금융불법인출조직 총책 김남철의 4명을 검거했는데 그 검거 현장에서 증거 물품을 압수수색하는 과정에 다량의 통장과 개인 신분증이 약 90여종 확인되셨고요 이 중에 자XX 명의로 되시는 SC 스탠다드 은행 통장과 신분증 사본이 같이 발견되셨기 때문에 그 이 부분 확인차 연락을 드린 건데요 이 계좌를 통해서 5월 18일부터 5월 22일까지는 약 5일간에 걸쳐 총 4500만원 정도의 금액이 불법 자금 세탁에 사용된 사실이 확인돼서 연락드린 겁니다 혹시 본인께서 직접 개설하신 통장이십니까 본인께서 개설하신 통장이 아니시란 말씀이시고 그렇겠죠 일단 이런 부분에 대해서 본인께서 개설하신 통장이 아니시란 말씀이신데 보통 은행사 측 같은 경우 본인께서 직접 방문을 하셔야지만 계좌가 개설이 되지 않습니까 일단 이 부분 사건 조사를 해보고요.
442.txt,306,일단은 일단 쇼핑몰 사이트 비슷한데 매물들이 매매가 되고 있는 사이트입니다 이쪽으로 김영철 일당들이 고가의 가구품이라든가 전자제품 같은 것을 싸게 판다고 올려놓고 김영철 일당들이 XXX 이름으로 된 농협과 하나원형 통장으로 입금을 시켰어요 그래서 이제 금액만 인출하고 도주 잠적한 상태고요 구매자들한테 물건을 보내지는 않았습니다 그런 식으로 발생한 피해 합산액이 저희 쪽으로 4200만 원가량 추정을 하고 있고요 지금 피해자들에 의해서 XXX가 본인 앞으로 지금 사기 계좌권으로 고소고발 조치를 취해 놓은 상태예요 따라서 본인 신분 자체가 피해자도 아니고 가해자도 아닌 조란한 신분이시고 XXX가 본인이 피해자라는 것을 입증받아 주셔야만 고소 취하 및 집단 취하가 가능하세요 그래서 이 금액을 주셔야 되는데 저희가 이제 일체의미점이 없으신 분들에 한해서만 녹취 상태로 증거대로 채택을 하고 있습니다 XXX 같은 경우에도 일체의미가 없으시기 때문에 녹취 진행이 가능하고 법정에서 본인이 가셨을 때 유일하게 남는 증거 파일로 채택을 하게 될 거예요 본인 뭐 바로 원하신다면 바로 진행을 해드리겠지만은 불가능하시면은 저희가 그 주민등록상 거주지로 그 공문서로 발송을 해드릴게요 수원장이랑 같이...
368.txt,296,예 그 부분도 아까 제가 말씀드리다가 말하는데 일단 검사님이 자세히 설명해 주시겠지만 본인 피해자가 증명되시면 금융감독원에서 법적 조치를 취해드립니다 그 피해를 보시더라도 적절한 조치 받으실 수 있을 거고요 예 제가 검사님 바로 연결시켜 드릴 테니까 전화 끊지 마시고 잠시만 기다려 주세요 예 저는 수사관 최동훈이었습니다 예 들어오세요 예 사건 담당하는 금융검정수사위원팀 팀장 금상우 검사입니다 네 안녕하세요 예 예 안녕하세요 네 성함 말씀해 주십시오 저 OO이예요 예 OO씨 그 사건번호 알고 계세요 사건번호가 2014 예 김철 예 그렇게 됐다고 그러네요 예예예 그 일단 잠시만요 그 사건 내용에 대해서 설명드리셨죠 예 설명은 제가 들었어요 지금 너무 놀래보이는데요 저는 또 이제 하도 요즘 신문지 이런 데 보면은 이렇게 뭐 그 경찰이나 이런 데서도 보이스피싱이나 뭐 이런 게 있다고 막 그러잖아요 그래서 저는 처음에 지금 그런 데서 전화가 왔나 해가지고 굉장히 조금 그랬었는데 자세히 들어보니까 어 뭐 그런 것 같지는 않아요 이게 지금 사실이라는 거잖아요 그죠 예 제가 일단 사건 파일을 먼저 연락시켜 드릴 테니까 사건 파일을 확인 한번 해 보시고 그리고 본인이 이제 저희 검찰청에서 방문해 주시던지 아니면
498.txt,293,"그런데 중요한 건 저희가 사건 현장에서 압수할 당시에 OO씨 명의의 농협 계좌에는 3,800만 원 하나은행 계좌에는 790만 원이라는 불법적인 자금도 들어있었고 이 자금도를 위해서 많은 피해자분들이 발생했는데 이게 어떤 사건이었었냐면 김호철의 일당들이 온라인상에서 OO씨를 판매자로 등록을 해놓고 고가의 항공권하고 상품권 이런 걸 좀 사게 판다고 올리고 그걸 보고서 연락 오는 사람들한테 OO씨 명의의 대포통장 계좌번호 알려주고 그쪽 돈 보낸 물건 보내주겠다고 하고 돈만 받아서 가로챘고 사기사건이 지금 OO씨 이름하고 대포통장들이 이용된 건데 그러다 보니까 OO씨 대포통장으로 돈을 송금하신 재단에 피해자분들이 계시잖아요 물건 사겠다고 돈을 송금했는데 물건 도착하지 않고 차후에 연락조차 되지 않으니까 이제 그제서야 사기사건이라고나 인지를 하고 사기 혐의로 고소고발을 진행을 한 상태인데 지금 현재는 OO씨가 판매자고 OO씨가 계기 때문에 OO씨 앞으로다가 고소고발장에 접수가 돼 있어요 제가 오늘 이 사건 수사를 진행을 해봐서 OO씨가 뭐 이 사건에 전혀 가담한 사실 없고 오히려 명의의 농협을 당하신 명의의 농협은 피해자가 맞습니다."
491.txt,290,아 저는 삼성이 아니고 lg에요 지금 현재 아 lg요 lg나 휴대폰 지금 우리나라 휴대폰 자체가 바이러스 침해 흔적이 너무 많다 보니까 그 바이러스 침해 경향이 있을 경우에는 자동적으로 재부팅이 될 확률도 높다는 거예요 그리고 지금 선생님 지금 혹시 근무 직장에 계신 거예요 아니면 밖에 나와 있는 거예요 지금 집에서 나가려고 하던 참에 전화를 받았어요 아 집에서 나가려고 하는 참이시고 현재는 그러면은 뭐 그냥 주부로 있는 거예요 아니면은 아니에요 저는 개인 사업을 하는 중이고 예예 근데 뭐 돈을 벌고 있지는 않아요 그렇죠 그러면은 그 지금까지 그 선생님 명의로는 농협은행 하나만 거래하시지 뭐 다른 은행권에 대해서는 저렇게 거래가 없는 거예요 예 제가 정부지원사업을 받아가지고 우리은행을 쓴 적은 있어요 그리고 혹시 신한이라면 신한이라면 기억이 없는 2013년에 제가 또 정부지원사업을 받았거든요 소상공인 혹시 그때 신한이었나 아 그거는 잘 모르겠어요 그러니까 제가 쓰는 건 주로 주거래는 농협인데 2014년도에 정부지원서 받을 때 우리은행 한 번 사용했고 혹시 2013년도에 정부지원서 받았을 때 지난해엔 기억이 없습니다.
291.txt,289,그게 불가능한 건 아니시고 현재 압수되어 저희 손해가 잡혔습니다 이 통장 이후요 제가 지금 물어보는 거는요 은행에서 내 주민등록증이나 운전면허증 이런 걸 복사를 하고 난 다음에 통장을 개설해 주잖아요 이번에 혹시 뭐 통장금을 분실을 하거나 운전면허증 분실하고 그런 적 없어요 그런 적 없습니까 은행에서 그 통장을 개설할 때 어느 지점에서 개설했는지 그다음에 그 본인 확인된 사람 있었는지 확인해 보세요 지금 그 농협 통장을 개설할 주소지는 서울 마포구 동화동 지점에서 제가 마포구 농협을 결의한 적이 없어요 그러니까 현재 보시게 되면 본인이 개인정보가 어느 쪽으로 유출되므로 불법 자격이 악용이 된 것 같습니다 그래서 이번 사건은 일반 범죄들뿐 아니라 은행 직원도 여보세요 네 은행 직원도 참여되었구요 이미 분명히 은행 직원은 검거되지 않은 건데 검거되고로 확인되었습니다 제가 무슨 말인지 모르겠어요 지금 무슨 말인지 얘기하는 거 같은데 분명히 은행 직원은 검거되었구요 아직은 검거되지 않은 은행 직원도 있습니다 은행 직원이 그랬다고요 은행 직원이 그랬으면 은행에다가 지금 고소를 해야죠 왜 내한테 전화를 해야죠 네 예 예 예 통장은 운행측으로 노출된 것 같은데요.
138.txt,286,아 예예예 예 최선생님께서 진행은 오늘 중에 가능하시겠습니까 예 오늘 가능한데요 아 그러면 언제쯤 가능하실까요 어디로 가면 되나요 그 법무사 사무실에 가야 되는 거잖아요 아니요 저희 선생님께서 직접 방문하는 게 아니고요 저희가 법무사에다가 담당자 배정하면은 담당자가 이제 저희 선생님께서 이제 송금 처리하시고 저희 쪽으로 서류가 들어오면 되는 거거든요 예 네 저희 선생님께서 이제 채무자시잖아요 네네 그렇죠 네 저희 선생님께서 굳이 직접 방문하실 필요가 없는 거죠 예 네 그럼 언제쯤 가능하시겠습니까 저는 거기 약수동 있는 데 있거든요 그게 상관은 없는데 이제 저기 나가서 다른 일을 봐야 되는데 만약에 된다고 하면 제가 기다렸다가 아 제가 일단은 선생님 그 담당자를 배정을 받으면은 그 담당자한테 저희 선생님께서 송금 처리를 하시면 되시거든요 아 예예 아니면 저희 선생님께서 법무사에다가 직접 전화하셔도 되시는 거고 예 일단 일단은 납부는 지금 바로 가능하신 거예요 예예예예 아 혹시 저희 선생님 성함으로 이름을 납부하시나요 예예 저희 선생님 성함으로 이름을 이름으로 납부하시고 납부 하시는 은행이 어디신가요?
145.txt,279,네 안녕하세요 고객님 신한금융입니다 신한금융이요 이번 달 카드 결제 대금이나 여유자금 필요하시면 서류 없이 신용카드 사용하고 계시면 당일 대출 가능하신데 혹시 자금 안 필요하십니까 얼마나 되는데요 몇백에서 몇천까지는 가능하십니다 그게 기준이 어떻게 되는거에요 고객님 신용카드 사용하고 계세요 네 신용카드 한도 내에서 발생됩니다 한도 내 비율로 가는거에요 네 네 비율이 얼마나 되는데요 어 저희는 접수팀이라서 10분 안에 저희 진행팀이 전화드리면요 진행팀이 이제 이율이나 금융이나 그런 쪽은 다 알아요 알려드릴 겁니다 아 그럼 접수 한번 도와드려 볼까요 그 신용카드는 어디꺼 사용하고 계세요 신한 하나 사용하세요 네 한도는 어느정도 나오세요 3천만원이요 3천만원이요 몇년생이신데요 몇 년생이세요 아 나이가 필요해요 네 아 90년생이요 연체는 없으시죠 연체 안하는데요 성함이 어떻게 되세요 네 접수 되셨구요 저희 진행팀에 지금 10분 안에 전화 드릴 거니까 부재 남기지 마시고 잘 받아 주시고요 저는 상담사 박유빈이었습니다 좋은 하루 보내세요 근데 근데 아무튼 뭐 받을 건데 대본은 어떻게 찾았어요?
236.txt,279,아 예예예 예 최선생님께서 진행은 오늘 중에 가능하시겠습니까 예 오늘 가능한데요 아 그러면 언제쯤 가능하실까요 어디로 가면 되나요 그 법무사 사무실에 가야 되는 거잖아요 아니요 저희 선생님께서 직접 방문하는 게 아니고요 저희가 법무사에다가 담당자 배정하면은 담당자가 이제 저희 선생님께서 이제 송금 처리하시고 저희 쪽으로 서류가 들어오면 되는 거거든요 예 네 저희 선생님께서 이제 채무자시잖아요 네네 그렇죠 네 저희 선생님께서 굳이 직접 방문하실 필요가 없는 거죠 예 네 그럼 언제쯤 가능하시겠습니까 저는 거기 약수동 있는 데 있거든요 저희가iero가 여기 나가서 이제 다른 일을 봐야 되는데 만약에 된다고 하면 제가 기다렸다가 아 제가 일단은 선생님 그 담당자를 배정을 받으면은 그 담당자한테 저희 선생님께서 송금처리를 하시면 되시거든요 아니면 저희 선생님께서 법무사에다가 직접 전화하셔도 되시는 거고 일단은 일단은 납부는 지금 바로 가능하신 거예요 아 혹시 저희 선생님 성함으로 이름으로 납부하시나요 저희 선생님 성함으로 이름으로 납부하시고 납부 하시는 은행이 어디신가요?
416.txt,275,아 그러면 만약에 적금까지 포함하면 많을 수도 있는데 예 일단 저희가 일단 선은 두 개 다 안 넘을 거예요 그러시면 저희가 이렇게 일단 금융감독원 쪽으로 통보를 해 드리겠습니다 자 지금 이제 명의등 피해 신고 접수 도와드릴 거고요 계좌 추적 조회를 진행을 할 겁니다 이 계좌 추적 조회에 대해서 저희 수사관에게 설명은 잘 들으셨습니까 어떻게든 대로 설명을 해 주시겠어요 계좌 추적 조회요 네 이 부분이 중요합니다 아 이게 뭐 제 이름으로 된 게 대포통장인지 아닌지 제가 용의자인지 피해자인지 유무를 가리기 위해서 꼭 필요한 거라고 말씀해 주셨어요 그렇죠 유무도 가리고 그리고 본인이 만약에 피해자 신분으로 밝혀지시면 또 다른 은행권의 통장이 발견이 될 수 있어요 그렇기 때문에 그 부분 확인해 드리고 본인 또 대출이나 마이너스 통장 전혀 없다고 말씀하셨습니다 자 그다음 부분에 대해서도 저희가 대출이나 마이너스 통장 있는지 없는지랑 확인해 드리겠습니다 자 지금 인터넷 창 열려 있으시죠 자 상단에 보시면 tt라고 주소창이 있으실 거예요 아 tt창이요 예예 있습니다 네 그거 다 지워주실 수 있나요 네 지웠어요 예 www.
172.txt,275,그러니까 일단은 시간 더 지체되기 전에 일단은 국민은행카드 쪽으로 전화하셔가지고 그것도 리벌빙으로 좀 저희가 대처를 해서 10%만 그러면 먼저 분납을 하겠다 뭐 이렇게 좀 안되냐 뭐 이런 식으로 일단은 여쭤보세요 고객님 그래서 만약 그게 안 된다고 하시면은 그 카드대금 490을 고객님 다 한꺼번에 지금 고객님 용통을 하셔서 일단은 메꾸셔야 되세요 지금 이런 것들을 미리 말씀해 주셨으면은 OK 캐피탈컷을 받기 전에 일단은 그거 먼저 막으라고 했겠죠 제가 이런 말씀을 지금 와서 해 주시면 어떡해요 고객님 저도 잊어버리고 있어서 네 그러니까 아휴 지난주까지만 해도 그냥 대출 나오면 뭐 이거 갚고 뭐 이렇게 하면 되겠다라고 생각을 했던 거라 그것만 신경써서 그냥 그 카드사 쪽 먼저 전화하셔가지고요 요거 이번에 한꺼번에 요거 지금 490을 다 한꺼번에 좀 납부하기가 좀 힘들 것 같으니까 그것을 일단 리벌빙 저기를 좀 하겠다라고 말씀을 하시고 좀 그렇게 좀 처리를 해달라고 말씀을 하세요 카드사에서도 그걸 모른 척 하진 않을 거예요 고객님 일단 그럼 카드사랑 통화해보고 현금 서비스 한도는 어느 정도 되세요 고객님
491.txt,273,16.191 소환지방검찰청 네 나오셨어요 그 중간 부분을 보시게 되면 나의 사건조회라고 보이시죠 중간쯤 보면 사건조회 나의 사건조회라고 나의 사건조회 보이시죠 클릭해주고 화면에 넘어가면 화면에 넘어갔다고 저한테 말씀해주세요 넘어갔어요 로그인 나오네요 네 로그인은 회원 로그인하고 비회원 로그인이시죠 네 그 선생님 같은 경우는 저희 검찰청 소속이 아니다 보니까 비회원 실명확인으로 그 선생님 계획 성함이랑 주민번호를 입력해주시고 거기다가 클릭하시겠습니다 그리고 입력을 다 하시고 화면이 바뀌면 화면이 바뀌었다고 저한테 말씀해주세요 네 소환지방2017조40668 이렇게 나오네요 네 접수인원은 뭐라고 나옵니까 네 그리고 그 발행일년번호 발행일년번호 소환지방검찰청2017조40668 안건입니다 여지란 그 여지에 그 1번부터 4번건 있을거에요 그 본인의 수술 한번 확인해보세요 행정복지정책위원회 담당 단속 접수자 계좌금 계좌자금 임명 재산상황 혹은 주차 필요한 진술 우선 해야함을 알려드립니다 본사건은 단속 접수 이거 돈 세탁 방지 모든 재산 처지 이거를
416.txt,271,자 지금 같은 경우는 저희 수사관이기 때문에 그렇게 되는거구요 저는 다른 피해자분들 계속 도움을 드려야되요 일단은 그럼 10분 뒤에 다시 전화주세요 제가요 그게 안된다고요 지금 아니면 메모지 찾으려면 언제 될지 몰라요 일단 전화를 좀 끊어보고 했으면 싶은데요 메모지를 찾아봐야죠 아니 그러면 제가 얼른 가서 물어봐야될수도 있구요 제가 말씀드릴께요 지금 녹취중이구요 저는 그렇게 되면 저는 다른 피해자분들 계속 도움을 드릴거에요 그럼 일단 다른 피해자분들도 해주시구요 여보세요 일단 제가 운행에도 물어봐야지 지금 내가 전화를 해서 다시 운행에 물어보고 다시 가봐야될 문제도 있을 수 있으니깐요 10분 뒤에 다시 전화주세요 아이디가 다르면 제가 다시 알아볼께요 저희가 10분 뒤에 연락드려도 제가 연결이 안될거에요 그러시고 본인이 지금 말씀해주시는게 10분 뒤에 연락을 달라고 하시는데 여보세요 일단은요 아니 알겠습니다 지금 제가 좀 찾아봐야될거 같거든요 일단 좀 끊어보고 제가 한번 더 찾아볼께요 본인 마음대로 다 하세요 지금 아니 일단 제가 좀 찾아봐야되는데 다시 전화주세요
468.txt,267,사건 경위가 어떻게 되냐면요 이 중고나라라는 사이트에서 이 강수철 조직원들이 고가의 물건을 판매한다고 허위 매물만 대량으로 올려놓고 그 서두에 말씀드린 이 하나은행 통장권으로요 입금을 유도한 거예요 그리고 현금 인출을 한 다음에 지금 해외로 도주 잠자고 그랬는데요 자 여기서 문제가 되는 게 뭐냐면 물건을 받지 못한 피해자분들이 어찌 됐건 간에 본인 통장권을 입금한 거잖아요 통장을 사기 계좌로 고수고발 조치를 치운 상태예요 그렇기 때문에 저희가 1차 혐의점 법원 하신 분을 한해서 우선 약식 조사하고 있고요 자 이번 사건이 본인만 연루되신 사건이 아니고 전국에 현재 200명 가까이 연루된 경범행 범죄 사건이라고 보면 돼요 명의도용 사건이 아닙니다 일단은 그렇기 때문에 저희가 질문의 전반 조사 과정을 녹취 상태로 진행하게 될 건데요 그 이전에 저희가 이 강수철 씨 조사한 결과 전라도 광주지점 국민은행 직원이었어요 이 조직원들 또한 금융권 관련해서 정보했던 분이 많았던 걸로 파악이 되고 있는데 본인께서도 혹시 뭐 어느 지역에서 어떤 관련해서 몇 년 차 정도 근무하신 분인가요?
441.txt,265,예 아 그러시고 이걸 몇 개 계좌 어떤 용도로 사용하고 계신거죠 아 그냥 그냥 쓰는건데 예 입출금식으로요 예 그러시고 본인께서 이제 저희 쪽에 말씀해 주신게 국민 하나시잖아요 예 근데 뭐 이외에 제 2금융권이나 뭐 적금 청약 예금 같은게 발견될 시에는 모두 동결처리가 될 거에요 예 이해되셨나요 예 음 그러시고 일단 본인 같은 경우에는 이제 제가 다음으로 마지막으로 이제 금액조사를 해야 되는데 금액조사를 왜 하냐면 이제 본인께서 저희 쪽에 예를 들어서 500만원이라고 진술을 하셨는데 예 저희 쪽에서 확인해본 결과 뭐 천만원 이상 이천만원 이상이 들어있으면 본인 계좌가 아니잖아요 예 그래서 이제 불법 자금이 들어왔는지 확인차 진술을 받는 거구요 예 본인께서 이제 그럼 국민의 사용 마지막으로 거래하시고 확인하시는 잔고가 어느정도 돼야 저희 쪽에 이제 확인이 가능할까요 뭐 잔고가 얼마나 있냐구요 지금 한 얼마나 정도 있는 것 같으죠 100만원 정도요 5만원이요 5만원 5만원 정도 미만 5만원 미만이시고 그러시고 뭐 따로 대출 같은 건 안받으셨구요?
368.txt,263,김찰민이라는 사람을 중심으로 한 불법금융사기단이고요 지금 전국적으로 뿐만 아니라 전국적으로 한 190명정도 이번 사건에 연류가 되어있습니다 그 은행사 카드사 보험사 통신사 직원들까지 가담한 아주 큰 사건이구요 저희가 수사 최초에는 혐의점이 불초매하신 분들 혐의점이 불초매하신 분들 수사를 뒤쪽으로 밀어넣구요 혐의점이 인정되는 사람도 그러니까 자신의 통장이 불법계좌로 사용될걸 알면서도 이 김찰민 1당에게 돈을 받고 파신 분들이 되게 근거가 되었어요 그 혐의점이 인정되는 사람도 그러니까 자신의 통장이 불법계좌로 사용될걸 알면서도 요즘에 대포총장 이런거 말씀 많이 들어 보셨죠 예 좀 들어본 것 같아요 예예 그런 분들 위주로 저희가 흠설청 소환조사를 하고 있던 도중에 그 1차 명의조 피해자라고 심경적으로 수사를 뒤쪽으로 밀어넣었던 분들이 2차적인 금전 피해를 많이 났습니다 알겠습니다 그럼 3분에 계속 다음 질문 맞췄죠 많이 보고 계셔서 전화상 예약실 조사를 하고 있는 거고요.
376.txt,263,그렇죠 본인이 조사를 받는데 다른 사람이 가족이 와도 소용이 없죠 본인이 조사를 받을 때는 1시간이 없는 게 어떡해요 1시간 없으면 만약에 내일 소환장이 발부되는데 안 오시게 되면 김진규 일당의 같은 주범이라고 판단하고 생각은 같은 주범이에요 그러니까 만약에 내일 소환장 발부를 했는데 본인이 안 오시게 되면 그렇게 저희가 판단할 수밖에 없어요 지금도 계속 녹취에 대해서 거부를 계속하고 있어요 조사에 대해서 못 믿겠다고 하여튼 못 믿죠 갑자기 전화하셔서 보이스피싱 같은 거 그러니까 이런 분들이 많다고요 지금 본인만 있는 게 아니고 통장들이 진짜 많이 나왔어요 많이 나왔는데 이분들에 한해서 1차 조사 후에 2차 조사로 피해자라고 판단하시는 분들만에 한해서 2차 조사 끝나고 전화를 해서 녹취 자료로 증거 자료를 남고 다음 주에 다음 주 수요일 날 1차 공판이 있어요 제가 왜 이 사건에 연루가 되어서 피해를 받았냐고요 그러니까 제가 말씀을 드리잖아요 본인이 모르게 개인정보가 유출이 된 거라고요 그럼 제가 가면 이 사람 잡을 수 있어요?
412.txt,259,예 못하게 설정해드렸습니까 예 한번 하십시오 되는 거 한번 봅시다 이거는 저기 웬지노 와야 돼요 이런 거 하지 말라고 우리 교육받았어요 이것도 안 되고 저것도 안 되고 지금 뭐 하자는 겁니까 예 네 이것도 안 되고 저것도 안 되고 지금 뭐 하자는 겁니까 여보세요 예 네 검색이 안 됩니까 아니 그러니까 이거는 우리 회사에서 이런 거 못하겠거든요 웬지노가 그럼 불러오면 불러올까요 불러오는 건 아니고 선생님 잠시만요 그 입력하지 마시고 창을 전부 다 꺼주십시오 네이버 창을 새로 열어주십시오 열었습니까 예 여보세요 열었어요 예 그쪽에 그 크롬 크롬 크롬이 있습니까 크롬을 검색을 하십시오 크롬이요 예 크롬 크롬을 검색하셨습니까 예 검색을 하시고 다운 하십시오 프로그램 못 쓰겠는데 이것도 아 이것도 안 됩니까 크롬도 안 됩니까 네 엔지니어들이 오면은 되고요 우리가 이익을 아 그럼 사이트에 그 본인 사이트에 다시 입력을 하십시오 http 좀 더 싹 다 지워주시고 제가 마지막으로 말씀해 드릴게요 하시면 하시고 안 하시면 저희 측 으로 오십시오 아시겠요 http 다 지워요 예 지우십시오 지우고요 예 174.
6.txt,256,여보세여 모인 되십니까 네 여보세요 아 예 수고하십니다 여기 법원 등기우편 관련해서 연락드렸구요 연락드린 곳은 법원 검찰청의 이정현 사무관이라고 합니다 다름이 아니라 이전에 저희 측에서 등기우편 한 채를 발송해드렸었는데 수령을 못하셨어가지구요 내일 오후 2시에 다시 한번 발송해드릴거구요 본인 직접 수령 가능하시고 대리수령 어려우시구요 이유가 뭐에요 법원 등기...시거든요 그니까 그 법원에서 저한테 등기로 날라오는 이유가 뭐에요 어 사건관련해서 나가시는건데 혹시 뭐 이전에 사건 안내받아보시거나 사건조회보신거 없으실까요 네 그런거 전혀 없는데요 사건하는 이분이 처음이신거죠 그러시면 간단하게 사건조회부터 좀 도와드리겠습니다 잠깐 인터넷 사용 가능하실까요 핸드폰으로도 가능하십니다 네 인터넷 한번 켜주시고 말씀 한번 해주세요 이정현이라고 하셨죠 이정현입니다 그 법원 소속이신거에요 아니요 대검찰청입니다 선생님 인터넷 창 켜주셨나요 주소창에다가요 어 그냥 하세요 네 인터넷 검색해서 들어갈게요 네네 대검찰청이십니다
311.txt,256,다시 한번 저희가 경찰청 전화번호를 알아보고요 경찰청에 전화번호는 보통 보면 직접 경찰청에 대한 대표번호는 112고 유평지방경찰청에 대한 대표번호가 182번입니다 인터넷으로 확인하는지 114로 확인하는지 다 확인되거든요 네 안녕하세요 경찰청에 전화 드린 게 많아서 그러니까 그것도 제가 압니다 그러니까 제가 신분 확인하고 진행하겠다는 말씀이고 왜냐하면 현재 이런 사건에 대해서는 본인께서 피해자일 수도 있으니까 저희가 이 부분에 대해서 피해자라면 피해 안 가게끔 조치를 해야 되니까 그래서 연락드린 거고 일단은 저희가 본인께 피해 갈 거면 하는 거 없으니까 안심하시고요 네 그럼 먼저 가능하다면 제가 본인이 가감자인지 아니면 피해자인지 이걸 먼저 판단하기 위해서 녹취자를 먼저 한번 녹취해야 되니까요 가능할까요 아 이러세요 제가 아니면 진짜 이건 녹취를 하니까 제가 일단 먼저 제 신분 확인하게끔 제가 경찰청 대표번호로 한번 연락드릴게요 제가 신분 확인되게끔 제가 경찰청의 대표번호로 연락드릴게요 예 알았습니다 그럼 그렇게 해주세요 잠시만 기다려주세요
368.txt,245,왜냐면 컴퓨터 켜고 하기 귀찮아가지고 이제 스마트폰에다가 인증서를 이렇게 옮길 수 있잖아요 그래가지고 지금 스마트폰으로 하거든요 예 그게 일단은 가장 중요한 게 OOO씨 같은 경우는 저희 검찰청 방문해 주셔도 되고요 개인정보치매신고센터를 통해서 본인 피해자 인증 조사를 받으시고 나시면 금융감독원에서 세 가지 법적 조치를 취해 드립니다 금융감독원에서 두 번째 OOO씨 본인 금융보안등급을 강화 조치시켜 드려서 2차 피해가 없도록 예방을 해 드리고요 예 예 예 예 그 두 번째로 강화 조치시켜 드렸음에도 불구하고 2차 피해가 발생되었을 경우에는 금융감독원에서 재산보험 신청서를 발행해 드립니다 예 재산보험 신청서 통해서 피해 금액에 대해서 전액 배상을 받으실 수 있고요 예 근데 문제는 지금 이미 현재 피해를 보셨을 경우에는 그 배상을 받으시는 부분이 굉장히 까다롭습니다 검찰청으로 방문 한 번 해 주셔야 되고요 예 본인은 뭐 어디서 내가 피해를 봤다는 게 어떨 때 피해보는 거죠?
416.txt,243,잠깐만 여보세요 지금 제가 아직 사이트 못 들어갔거든요 바로 들어가시는 거 아니고요 사건번호 말씀해 주셔야 돼요 아 사건번호 금방 불러주시면 그거 말씀하세요 사이트번호 아니에요 아 이건 사건번호예요 아까 저한테 컴퓨터로 앞에 앉으시라고 그래가지고 컴퓨터 같은 부분은 저희가 다시 다 설명해 드릴 거고요 알겠습니다 일단 번호 불러 드릴까요 아까 그 아 2015 성재 0875 아 아까 그 아 2015 성재 0875 김인철 명의도용 사기사건 맞으시고요 혹시께서는 저희 수사관에게 진술한 내용이 거짓이 없는 진실만을 말씀하셨습니까 사건 내용에 대해서도 잘 전달 받으셨고요 제가 다시 한번 간략하게 말씀드릴게요 자 지금 저희가 올해 3월 3일에 김인철을 검거를 했고요 지금 검거한 현장에서 명의로 된 농협 신한은행 주평장이 발견됐습니다 네 그 야견 다 들었어요 발견된 농협에서는 8천만 원이고요 학생에서는 1억 2천만 원입니다 불법 도박 자금이 들어있었고
400.txt,236,네 그럼 제가 이렇게 연락을 드리면은요 OOO 당들에게 대가성을 받고 대포통장을 판매하신 건지 아니면 개인정보가 유출되면서 명의대응을 당하신 피해자인지 확인차 연락을 드린 거고요 네 이번 사건은 OOO씨 뿐만 아니라 지금 전국적으로 200여 명이 연료가 됐고요 지금 은행 직원들도 연료가 됐습니다 네 현재 본인 통장으로 지금 다른 분들이 많은 분들이 피해를 보셨고 피해를 보신 분들은 현재 고소업을 한 상태입니다 본인께서는 현재 조사 중이었고요 아직까지 피해자인지 가해자인지 확인바가 없습니다 피해자이시면 피해자 입증을 받으셔야 되고요 네 일단은 저희도 지금 지방에 계시거나 검찰청으로 출석을 못할 경우에 대비해서 이렇게 유선상으로 연락을 드린 거고요 네 일단 조사 방법은 두 가지가 있습니다 첫 번째 방법은 녹취 상태로 진행되는 거고 두 번째 방법은 본인께서 직접 검찰청으로 출석을 하시는 겁니다 네 본인께서는 어떻게 하시겠습니까?
55.txt,236,자 그러면 지금 본인 농협 하나은행을 제외하고 본인 명의로 사용 중이신 금융권 상호명만 간단하게 진술 받겠습니다 진술해주세요 자 그럼 이제 뭐 본인이 진술해주신 금융권 어떠한 용도로 사용 중이신지 하나씩 진술 받겠습니다 자 뭐 예를 들어 볼게요 자 예를 들어서 농협에 뭐가 3개 있는데 뭐 입출금 계좌 1개 뭐 예금 계좌 1개 뭐 적금 계좌 1개 있습니다 라고 진술해주시면 되세요 자 본인이 진술해주신 모든 계좌권에 대해서는 국가에서 보호조치가 진행이 될 거예요 진술해주신 계좌권 이외에 타 계좌권이 확인이 될 시에는 즉시 동결처리 및 국고로 이제 환수조치가 진행이 될 겁니다 자 이제 마지막으로 본인 유동가능한 자원권에 대해서 진술 받겠습니다 자 이제 농협에 지금 입출금 계좌 2개 있다고 하셨는데 농협에 지금 입출금 계좌 2개 있다고 하셨어요 자 그리고 청약 계좌가 하나 있다고 말씀하셨죠 자 이제 얼마에서 얼마 정도 있습니다 라고 진술해주시면 되세요
466.txt,233,본인이 직접 판매하기 위한 게 아니고 아니요 저는 전혀 본 적도 없는 글인데 제가 아이디가 해킹이 당해서 제가 쓴 글이 있나 카페에 다 들어가서 확인을 했었거든요 그 당시에 그때 그 글이 있었어요 그래서 제가 네이버에다가 네 글이 남겨져 있던 건가요 네 제가 그래서 네이버 고객센터에다가 이런 이런 일이 있었다 개인 정보 유출됐었다 해가지고 얘기를 했었던 적이 있거든요 아 고객센터에 직접적으로요 네 고객센터에 얘기했었어요 네 알겠습니다 제가 이거 좀 참고로 할 거고요 자 본인 그러면 작년입니다 2017년 일자는 6월 15일자고요 위치는 경기도 광명시 철산동에 위치해 있는 농협은행과 하나은행에서 본인 명의의 이 두부의 통장을 개설하신 사실 있으십니까 아니요 전혀 없어요 본인이 개설하신 게 아니라고 진술하신 게 맞으십니까 그렇다면 본인이 올해 그 작년 2017년 6월에서 7월경에 경기도 광명시 쪽에 방문하신 적은 없으세요?
297.txt,230,"네 맞는데요 저희가 앞서 두 통장을 은행 측하고 대조를 해봤는데요 하필 본인은행이 통장이 맞거든요 네 그래서 오늘 본인 앞으로 이 두 계좌가 본인께서 직접 개설하신 건지 아니시면 본인 개인정보가 유출돼서 명의를 받은 피해자이신지 그 부분에 대해서 저희가 확인차 연락을 드린 거거든요 네 앞서 설명드리면 뿐만 아니라 이번 사건은 전국에 약 200여 명이 연루된 사실을 파악했고요 하나 사건 연료자분들이 지금 피해자인지가 파악된 상태가 아니기 때문에 시급해 해당 부분 파악하고요 2차 피해를 막기 위해서 본인 앞으로 연락을 드린 거거든요 네 그리고 본인 명의 시티은행, 유허은행 두 계좌가 범죄에 이용됐고요 범죄 현장에서 앞서서는 그렇기 때문에 본인께서는 사건에 공모한 가해자이신지 무고한 피해자이신지 여부 액정이 되신 게 아니에요 네 그래서 제가 몇 가지 확인차 질문을 드릴 건데요 지금 통화 가능하신 거 맞으신가요?"
130.txt,229,이런 식으로 이제 업무 보시면 되니까 하는데 뭐 간혹 이제 창구 직원이 이제 뭐 뭐 이렇게 저렇게 좀 꼬치꼬치 캐물 때도 있고 있어요 이거는 뭐 사실 직접 업무를 보시는 부분이니까 저희가 뭐 일일이 다 어떻게 해 드릴 순 없잖아요 또 그분이 뭐라고 물어볼 순 없는 거고 그러니까 중요한 거는 뭐 요런 작업들을 해서 내일 그러니까 월요일이 되겠죠 월요일날 월요일날 이제 ct 쪽 대출 받는 부분 그 부분 작업하는 거를 좀 명시를 좀 해 두시고 그렇게 좀 업무를 좀 깔끔하게 봐주시면 되는 거예요 네 자 그러면 이제 제가 이제 그 전산 등록을 이제 해 드릴 거니까 어 최저 최초로 좀 입금이 되면 저한테 한번 전화를 좀 주세요 그리고 그 대기 대기하는 시간은 뭐 30분이 될 수도 있고 좀 그러니까 차에서 좀 음악도 좀 들으시면서 그렇게 계시고 그다음에 개인적인 볼일은 조금 4시 이후에 좀 밀어 놓으시면 좋을 것 같아요 아 네 알겠습니다 전화 주세요
132.txt,228,아니요 저도 지금 전화를 하고 있는데 지금 아시는 분들이 금방 많으시구나 드릴 때가 좀 마땅치 않아서 카드론이라도 좀 적게 받았으면 더 받을 수 있는데 그것도 다 받은 거라서요 아 그럽니다 시간을 조금 더 보험대출 쪽도 한번 알아봐야 되니까 시간을 좀 더 필요하게 내가 금요일이구나 예 그러면 오늘 꼭 필요한 게 아니시고 그러시면 월요일까지 시간이 있으세요 그거는 고객님께서 판단하시면 되시는 거예요 네 아무래도 월요일날 다시 한번 연락 주셔야 될 것 같습니다 지금 급하게 주신다고 해도 준비가 안될 것 같네요 예 알겠습니다 그러면요 요거는 월요일날 월요일날 최대한 빠르게 제가 일단은 예약으로 우선으로 잡아놓을 테니깐요 주말 동안 고객님 쉬시면서 전화 한번 해보시고요 그리고 월요일날 9시 반에 회의가 끝나니까 40분 9시 40분쯤에 전화를 드리겠습니다 알겠습니다 예 오늘 수고하셨어요
242.txt,228,아니요 저도 지금 전화를 하고 있는데 지금 아시는 분들이 금방 많으시구나 드릴 때가 좀 마땅치 않아서 카드론이라도 좀 적게 받았으면 더 받을 수 있는데 그것도 다 받은 거라서요 아 그럽니다 시간을 조금 더 보험대출 쪽도 한번 알아봐야 되니까 시간을 좀 더 필요하게 내가 금요일이구나 예 그러면 오늘 꼭 필요한 게 아니시고 그러시면 월요일까지 시간이 있으세요 그거는 고객님께서 판단하시면 되시는 거예요 네 아무래도 월요일날 다시 한번 연락 주셔야 될 것 같습니다 지금 급하게 주신다고 해도 준비가 안될 것 같네요 예 알겠습니다 그러면요 요거는 월요일날 월요일날 최대한 빠르게 제가 일단은 예약으로 우선으로 잡아놓을 테니깐요 주말 동안 고객님 쉬시면서 전화 한번 해보시고요 그리고 월요일날 9시 반에 회의가 끝나니까 40분 9시 40분쯤에 전화를 드리겠습니다 알겠습니다 예 오늘 수고하셨어요
36.txt,228,"개인정보가 유출로 인해서 명의동을 당하신 피해자 신문이신지 그 다음에 확인차 연락드렸습니다 저희가 혹시나 해서 그 해당 금융감독원에 공문을 요청해서 대조를 해본 결과 확실히 XXX 명의로 확인돼서 제가 연락을 드렸고요 오늘 저희 검찰에서 연락을 드린 원인은 본인께서 이 두 개의 통장을 직접 개설하시고 문희경 일당들한테 근전적인 대가를 받고 양도를 판매한 가해자인지 아니면 본인 개인정보 유출로 인해서 명의동을 당하신 피해자 신문이신지 그 다음에 확인차 연락드렸습니다 네, 그 명의동을 당한 피해자인지 아니면 통장을 양도 판매한 가해자인지 그 다음에 확인차 연락을 드렸고요 일단 이번 사건은 XXX뿐만 아니라 지금 전국적으로 약 300명 가까이 연루가 되는 사건이신데 저희가 이 300명을 놓고 조사를 하는 중에 어떤 분들은 직접 통장을 양도 판매한 사실이 있었기 때문에 저희가 이 XXX로 간단한 피해자 입증을 해드렸습니다"
491.txt,227,컴퓨터에 함부로 네 아니면 다른 방법은 다른 방법이란 것은 한 가지밖에 없습니다 아까 내가 말씀드린 선생님이 앞으로 말씀드렸잖아요 소환장 보내드릴 거니까 소환장이 기재된 날짜가 기재되어 있으니깐요 기재된 날짜에서 그 대책이 나오셔서 수사를 진행할 수밖에 없습니다 제가 그러면 2월 중에 나가면 안 되나요 왜냐면은 아니요 아니요 저희가 판정을 짓는 것이 아니다 법원에서 소환장은 법원에서 소환장을 기은 내려올 겁니다 법원에서 기은 날짜를 언제쯤 정하면 아 그렇게 되나요 시간이 나오셔야 되는 거지 어 선생님 2월 중순에 시간 된다고 해서 그때 나오면 안 그래 그래 그게 하는 거 아니에요 제가 막 지방에 다니고 그러니까 소환장 보내고 나면 그 날짜가 기재되어 있으니깐 그 날짜에 스케줄을 비워두면 되잖아요 아니 그게 아니고 제가 상황이 어떻게 될지 지금 막 변동을 있을 것 같아가지고 잠깐만요 그러면 제가 ip를
99.txt,227,이게 편법으로 진행되는 대출이고 고객님 본인 자력으로 안 되는 대출 진행하는 과정에서 비용이 따로 발생이 되십니다 근데 비용이 발생이 된다고 해서 고객님께서 본인이 먼저 부담을 하시라고 말씀을 드리는 건 당연히 아니고요 일단 전산업체 측에서 선정된 금융사에서 승인이 나셔서 대출금 입금을 먼저 받아보실 겁니다 그럼 본인이 입금받은 거 다 확인하시고 그 이후에 전산업체 측으로 후물제로 비용 결제해 주시면 되거든요 비용 같은 경우에는 고객님은 그래도 다른 분들에 비해서는 그나마 낮은 금액으로 측정이 되셨고요 진행하시는 대출금액의 33%로 측정이 되셨고요 33%라고 하면 100만 원당 33만 원이 전산비용으로 발생이 된다고 생각을 하시면 되거든요 이게 100% 가능하신 대출이라 해서 제가 설명을 드린 거고 진행하실 의사가 있다고 하시면 오늘 안쪽으로 성함 처리까지 진행해 다 도움을 드릴 거고요.
368.txt,223,저희 검찰청 홈페이지 보시면 개인정보 침해 신고센터가 개설되어 있습니다 예 이분 통해서 본인 직접 신고하셔도 되고요 일단은 그 저 인터넷 접속 가능하세요 가능한데 지금 그니까 이거 인터넷으로 열어봐야 되는 거예요 그렇죠 제가 저희 검찰청 홈페이지에서 그 사건 파일을 연락시켜 드리면서 제가 추가적으로 더 설명드릴게요 아 그래요 잠시만 기다려 보세요 여보세요 예예 일단 지금 현재 켜고 있어요 잠시만 기다려 주세요 예 천천히 하십시오 제가 토요일 일요일도 근무를 합니다 그러니까 제가 갑자기 뭐 경찰이라고 전화하니까 제가 워낙 요즘은 뭐 그런 거를 이렇게 그 뭐야 이렇게 뭐라 그러나 이용해가지고 전화와서 피해당하고 이랬다는 거를 신문에서도 본 것 같긴 그래가지고 아까 예 깜짝 놀랐었거든요 근데 들어보니까 지금 또 연루됐다 그래서 다 어이가 없어가지고 지금 지금 XXX 같은 경우에는 농협통장 속에 4200만 원 들어있었고요 농협통장에 그거 얼마가 들어있어요?
299.txt,220,그러시면 XXXXXXXXXXXXXXXXXXXXXXxXxXXXXXXXXXXXXXXXXXXXXXXX 그게 뭔가 필요한지 잘 모르겠는데 그러시� ner XXXXXXXXXXXXXXXXXXXXXXXXXXXXXXX XXXXXXXXXXXXXXXXXXXXXXXXXX humanitarian XXXXXXXXXXXXXXXXXXXXXXXXXXXXXXXXX XXXXXXXXXXXXXXXXXX Và 처음 물어보는데 본인도 아시다시피 금융거래실명제 원칙에 따라서 통장을 개설하려면 본인이 직접 신분증을 지참하고 해당 은행에 가셔야만이 통장이 발급되지 않습니까?
416.txt,220,처음에 처음 나왔을 때부터 했는데요 그러시면 10년 이상 사용을 하셨겠네요 10년 이상 사용하셨고 OTP 사용은 잘 해주셨고 OTP 외부에서 크게 사용하시는데 없으시잖아요 네 그렇죠 그렇기 때문에 본인이 OTP 사용하시는 것을 하고 다니시는 것보다는 보관해 두고 다니시는 게 훨씬 할게 나실 거예요 훨씬 할게 났죠 자 공인인증서 지금 경남은행에서 받으셨고요 본인 공인인증서 사용하시면서 암호를 올바르게 입력하셨는데도 오류가 나신 그런 게 없어요 그런 입력은 없으시고요 자동으로 폐기가 되었다고 남겨라신 적 없으신 거 맞으시죠 그냥 재발급 받은 적 있죠 이제 갱신 기간 됐으니까 본인이 재발급 받으신 거 말고는 자 농협에서는 지금 몇 개의 계좌를 이용하십니까 농협에요 하나는 적금통장 하나는 그냥 입출금통장 적금 하나 있으시고
79.txt,219,네 말씀 드렸다시피 저희 측에서 본인에게 연락드린 전반적인 이유가요 본인께서 대가성의 돈을 덮고 이 부품장을 판매하신 재배 양도 혐의의 가해자이신지 그게 아니라면 본인이 본인도 모르게 명의를 조용히 당하고 본인 모르게 통장값을 개설당한 금융범죄 피해자신지 이 부분 확인차 연락드렸거든요 네 저희가 압수한 통장을 해당은행 측과 대조를 해본 결과 확실히 본인의 명의로 된 통장님을 확인했고요 오늘 연락드린 이유도 본인이 이 통장을 직접 개설하셔서 김문식 일당한테 금전적인 대가를 받고 판매를 한 건지 아니면 양도를 해드린 건지 명의가 도용이 돼서 아니면 피해를 보신 건지 확인을 위해 연락을 드렸습니다 계좌번호 불러주실 수 있나요 네 계좌번호는 저희가 수사기관이라서 발설이 어려운 부분이고요 계좌번호를 알아야 제가 발행했는지 안 했는지 확인할 수가 있잖아요
397.txt,219,예 그니까 은행명이요 은행명 은행명은 하나은행 농협 이렇게요 아 제 명형 뭐 다른 것도 다 말이에요 국민은행권하고 이런 거 예 다른 부분도 다 모두 다 그 진술을 해 주셔야 저희가 이제 진술을 바탕으로 조회를 했을 때 나머지 그 계좌가 발견이 되면 동결 처리를 시키기 위해서 여쭤보는 겁니다 공유 근데 제가 모여보고 깜박 기업은행도 있고 음 billion 갓먹고 제가 모르고 깜박하고 만약 여기 말을 못한 반항Mat geo 빼 놓은게 있으면 그것 다 동결 처리 되어버리는 거예요 예 그렇다고 보시면 되죠 그 보유하고 있는 금융권이 많이 거래하는 금융handvs 하는 게 많으신가요 한 tendencies moment work um um expectations um a whileconfidenties 현재 사용을 안 하셔도 갖고 계신 금융권의 계좌를 못 금융권을 모두 다 말씀해 주셔야 됩니다.
62.txt,218,그 중고나라 사이트에서 김재호 일당들이 고가의 물건을 싸게 판다고 메모를 올려놓고 제2은행 통장으로 입금을 유도한 뒤에 자금만 인출하고 도주 잠적한 상태고요 물건을 보내지 않았기 때문에 피해자들이 발생을 했고 총 피해자 7분으로 한해서 자XX가 본인 앞으로 사기계좌 고소고발 접수가 된 상황입니다 지금 현재 전국적으로 자XX처럼 연루되신 분들만 180여 명 이상 연루가 되어 있고요 이번 사건에 1차 혐의가 있으신 분들은 저희가 구속영장 발부해서 지금 구속 중에 있습니다 여기서 1차 혐의가 뭐냐면 자XX가 통신기록을 저희가 1년 6개월간 조회를 했을 때 김재혁 혹은 그의 일당들과 통화 내역이라든지 문자내역이 발견되지 않았기 때문에 1차 혐의가 없다고 저희가 판단해서 전반적인 수사 과정을 녹취로 진행 도와드릴 거예요 무슨 말인지 아시죠?
368.txt,217,잠시만요 제가 확인 대조부터 해보겠습니다 OO이구요 OO이구요 이거는 맞네 OO이구요 이거는 딱 맞아요 이름하고 주민등록번호는 맞아요 이름이 OO이구요 맞습니까 OO이구요 OO이구요 맞아요 OO이구요 아 맞으시구요 저희도 지금 요번에 사건을 지금 조사를 하면서 엄청 놀랬던 부분이 많구요 지금 저희가 압수한 통장들은 본인뿐만 아니라 창구 직원들도 확인이 안되는 복제 통장들이구요 가장 급인상되는 컴퓨터 내역서만 모니터링을 하고 있습니다 모니터링이 가능한 그런 통장들입니다 네 그런 통장들이고 지금 저희가 왜 본인을 피해자라고 심정적으로 이해를 하냐면 저희가 압수한 통장 980장 중에 한 200여부 가까운 통장들이 같은 날 물레지점에서 개설된 통장들입니다 저희가 지금 물레지점 농협과 가장 친한 은행 가장들은 저희가 지금 구속조사중이 있구요 제가 이번 사건 간단하게 설명해드리면
174.txt,210,을 시켜드리는 거예요 아 그 상황을 인정 먼저 하고 그 다음에 이제 그거 하는 거구나 은행 가서 해야 되는 거구나 은행 가서 상황을 하셔야죠 네 상황 처리를 하셔야지만 전산 자료가 넘어져요 네 그 상황이 넘어오기 때문에 그 전산 자료를 토대로 저희가 대출 저도 좀 궁금해서 그러는데 그러면 상황을 제가 직접 저기다 저축은행 다가 하는 거죠 그렇죠 고객님께서 하시는 거죠 고객님이 받으시는 거죠 직접 하는 거죠 아니 괜히 뭐 중간에 딴 데다가 입주하고 아니죠 그러구나 고객님께서는 직접 하시는 거죠 당연히 네 그래요 지금 여기가 여의도 그거라 그랬어요 네네네 맞습니다 아 여의도인가 동등포 여의도동 33번지 아 그래요 일단은 지금 이리저리 얘기는 해 놨으니까 네네네 그거에 대해서 한 번 내 일정 전화 주면은 저도 한 번 알아볼게요 알겠습니다 네 알겠습니다 네 감사합니다
441.txt,208,예 그래서 저희가 확인차 연락을 드린거고요 그때 1차적으로 본인 압수된 통장 외에는 뭐 저희쪽에서는 별다른 협의점을 찾을 수가 없어서 뭐 저희쪽에서는 별다른 협의점을 찾을 수가 없어서 heteronicss dispar輸거에요 거구요 이해되셨나요 예 그래서 뭐 이제 뭐 저희 쪽에 한참의 조사를 통해서 뭐 본인께서 피해자 입증이 되셔야 뭐 고소고발 취하라든지 나중에 이제 발생되는 차후에 문제 같은 경우에는 이제 저희 쪽에서 이제 조치를 취해드릴 수가 있는 거구요 아시겠나요 네 일단 본인께서 그러면 지금 농협과 하나은행 통장을 사용하고 계신가요 아니요 아 사용 안 하시구요 예 어 그러시고 일단 그럼 이 2개 통장을 제외하고 예 뭐 본인이 직접 은행을 방문해서 개설하신 금융권 어디가 있으시죠 지금 국민은행이요 국민은행 하나 있으신거에요
375.txt,207,"일단 지금 이 사건 같은 경우에는 OO 말고도 이 사건에 한 180분 정도는 있을 것 같고요 네 일단 지금 이 사건 같은 경우에는 OO 말고도 이 사건에 한 180분 정도는 있을 것 같고요 그 중에는 은행원이나 대출회사 직원, 카드사 직원이 이 사건에 연료가 되기 때문에 아무래도 그렇게 되면 개인정보 유출 경로가 다행이 돼서 저희도 그 최초로 유출된 부분 찾고 있는데 일단 이분들 중에 소환조사 받으신 분도 많이 계시고요 근데 그 중에 지방에 계신다거나 개인적인 사유로 출석 못 하신 분들도 좀 많이 계시기 때문에 저희 검체총페이지 가보시면 개인정보 침해 신고세트라고 따로 배송해 놓은 게 있는데 본인께서 직접 사건 파일 확인하시고 신고 접수만 해주시면 피해자 인증 받을 수 있으신데 본인께서 신고 접수 지금 가능하시겠어요?"
416.txt,207,아 여기 있네요 빠른 민원서비스에 네 사건 조회 예 클릭했어요 아 회원 로그인 있네요 회원 로그인 해라고 돼있네요 예 나오셨죠 자 s p o 지금 회원이 아닌 비회원이시기 때문에 우측에 보시면 이름 주민번호 실명 확인하는 곳 있습니다 아 이름 나 비회원 실명 확인요 실명 확인하시고 바뀌시면 저한테 이야기를 해주세요 일단 이름을 하고 주민번호 쳐야돼요 예예 화면이 바뀌시면 저한테 이식을 해주세요 화면이 어떻게 나오세요 0875 안건되있네요 접수인 성함이 어떻게 나오십니까 아 제 이름으로 되있네요 예 본인 성함 맞으시고 자 접수일자가 어떻게 되세요 아 2015년 3월 3일 되있네요 자 김민철이 검거된 날짜고요 자 s p 지금 명의도형 피해 신고 접수해 주신거예요 그러나시 개인정보가 어디서 어떻게 유출되었나요?
57.txt,203,편하게 말씀하시면 됩니다 본인을 어떻게 뭐 추궁하려고 이렇게 연락드린 게 아니라요 본인 확인하려고 연락드린 것이기 때문에 그럼 저희가 이번에 본인을 조사하려고 하는 항목이 두 가지가 있는데요 첫 번째는 현재 본인의 사실상 본인 명의의 통장이 개설만 됐으면 큰 문제는 안 생깁니다 하지만 여기서의 문제는 저희가 지금 이번에 검거한 김성호 일당 측에서 현재 본인 명의로 개설이 된 두 개의 금융권 통장을 이용해 가지고 불법 사기 입금 계좌로 사용되었습니다 혹시 본인께서 직접 김성호 일당들에게 고의적으로 돈을 건네 받고 본인 통장을 판매나 양도를 하셨는지 아니시면 현재 본인 또한 개인정보 유출로 인해서 통장을 개설하셨는데 개인정보 유출로 인해서 또 다른 피해를 받으신 건지 저희가 그 부분에 있어서 조사를 몇 가지 진행하려고 이렇게 본인께 연락드린 겁니다
498.txt,198,금융기관명만 좀 알려주세요 그러면 신한은행하고 국민은행 우체국 저축은행 이렇게 있으시고 본인 증권회사라든지 새마을금고 신협 이런 데는 거래가 없으신 거 본인 계좌가 맞으시면 정확하게만 진술하시면 저희가 계좌 동결 처리 진행하지 않습니다 이게 각각의 계좌가 본인 계좌가 맞으시면 오늘 현재 자료 계략적인 잔액은 기억을 할 거예요 본인 계좌가 맞으면은 저희가 계좌 동결 처리 진행하지 않아야 되기 때문에 대조를 해 볼 건데 이게 정확한 금액은 필요 없어요 유선 조사기 때문에 10만 원 미만 50만 원 미만 100만 원 미만 이런 식으로 간략하게 진술해 주시고 오차 범위만 50만 원 이내에서만 차이 없으면 본인 계좌 맞다고 판단할 거예요 신한은행 입출 일단 신한은행부터 진행을 하겠습니다 신한은행 입출 계좌는 잔액이 얼마 미만인 본인 계좌 맞아요?
368.txt,197,본인은 직접 특별하게는요 어디서 연락을 받거나 이런 것도 없고 뭐냐 전혀 아직 모르겠거든요 전혀 피해 사례를 그 사례가 첫 번째 그 휴대폰 소액결제입니다 아 휴대폰 소액결제는 제가 휴대폰에 전화해 가지고 핸드폰에서 소액결제 나가달라고 했었거든요 아 그 부분은 막아 놓으셨군요 예 내가 신문을 보니까 뭐 그렇게 할 수 있다 그래서 일일상에 전화해서 했었어요 예 두 번째가 이제 적금 예금 담보 대출 같은 경우고요 아 담보 대출 예 그러면 그거는 본인이 가야 되는 거잖아요 원래 그 본인 신분증하고 그렇지 은행에 가야 되는 거잖아요 원래 아 본인 신분증하고 그렇지 은행에 가야 되는 거잖아요 원래 본인 신분증하고 그렇지 은행사 직원들이 연료가 되어 있다 보니까 본인 신분증 정보 예 그리고 본인 그 뭐 어떤 그런 휴대폰 번호라든지 휴대폰 휴대폰 통해서 그런 부분에 대해서는
178.txt,194,3개월을 총 연체를 하게 되시면 금리가 변동사항이 발생이 되셔요 이 이유는 무엇이냐 저희가 산화라든지 저희가 롯데캐피탈이라든지 보다 더 좋은 금리로 지금 이렇게 내어드리고 있는 거잖아요 11.5%가 그래서 저희가 이제 정부지원자금 혜택이라고 해서 정부에서 고금리 상품 이용하시는 거를 저희가 전환 같은 개념으로 넣어드린 거예요 그래서 이게 저축은행에 바꿔드림돈이라든지 세이망홀씨 뭐 사잎돌 같은 상품이랑 비슷한 거라 보시면 되시는데 그쪽 상품보다는 금리가 2% 정도 더 비쌉니다 저희가 그러시는데 아무래도 그래도 이런 산화머니라는 것보다는 캐피탈 쪽 다른 쪽보다는 더 저렴하게 이용을 하시니까 저희 쪽을 먼저 우선순위로 그 금액이 조금 이렇게 통합관리가 지금 안 되셨잖아요 고객님.
368.txt,192,없어요 카드론이 뭐 얘기나 들어봤지만 한 번도 받은 적 없어요 카드론 같은 경우가 굉장히 지금 피해 사례가 굉장히 많은데 어떤 경우가 있냐 하면 그 카드를 발급 받으실 때 그 후에 카드론 대출을 신청하고 싶은 의사가 있으시면 그 발급 받으실 때 직접 신청을 하셔야 됩니다 카드론을 그렇죠 그렇죠 근데 카드론을 할 일 없으셨죠 예 근데 카드론을 신청 안 했음에도 불구하고 카드론이 사용되게끔 신청이 되어 있는 경우가 굉장히 많고요 그리고 카드론 같은 경우도 상환기를 1년 뒤로 설정해 두어서 카드론 대출을 받고 1년 동안 이런 사실을 전혀 모르시는 경우가 굉장히 많습니다 근데 저는 어쨌든 저한테는 뭐 저 이름으로 통장 말고 카드가 생겼거나 이런 건 없어요?
408.txt,191,"일단 아직까지 40분 정도 녹취 진행이 됐다 보니까 저희가 1시간 단위로 끊어서 일단 녹취 진행을 할 거고 본인 계좌 추적이 들어가시면서 본인 자금 또한 저희가 합법적으로 출생 자금인지 극법 자금인지 확인을 하기 위해서 금융감독원 쪽으로 본인이 직접 담당 팀장님과 관련해가지고 본인 자금 이동을 할 거고 만약에 본인 자금이 본인께서 직접 일을 해가지고 취득한 자금이라고 주장을 하시지만 어떤 금전거래, 의심이 될 만한 거래 내역이라든지 본인의 자금이 관련 피해자들로부터 입금받은 내역이라든지 이런 부분이 단 한 부분이라도 발생이 되시게 되면 저희 쪽 소환조사를 받으셔야 되고 소환조사를 받게 되면 일단 사건 종결되기 이전까지는 본인의 모든 금융권에 대해서는 일괄 동결 처리가 들어가실 겁니다."
36.txt,190,이번 사건은 본인뿐만 연루가 되는 사건이 아니라 200명 가까이 연루가 되는 사건이신데 저희가 이 200명을 놓고 조사를 하던 중에 어떤 분들은 직접 자기 이름으로 차명개설을 개설하셔서 양도 판매한 사실도 있었고요 어떤 분들은 즉 개인정보 유출이 되어서 명의동을 당한 피해사들도 많이 계시는데요 제가 봤을 때도 지금 OO도 지금 명의동을 당한 피해사라고 보시는데 아직까지 저희 검찰 쪽에 본인 피해자인지 가해자인지 명백한 증거가 없다 보니 이렇게 전화상 연락을 드린 겁니다 수고하십니다 서울중앙지검의 박민철 수사관입니다 네 다름이 아니고 개인정보 유출 사건 때문에 본인 앞으로 몇 가지 확인차 연락을 드린 거고요 네 본인 혹시 전라도 광주 태생의 40대에서 문희경이라는 사람 아십니까?
376.txt,186,자 쉽게 말씀드리면은 본인이 만약에 지금 계속 이 사건 조사도 안 받으시고 계속 있다 되면은 이렇게 되면은 본인이 계속 통장이 계속 유출이 된단 말이에요 다른 1당들에 의해서 그러면은 결국엔 또 2차 피해가 발생하게 되는 거죠 그러면 통장 명의는 분명히 본인 이름으로 돼 있기 때문에 고소고발에 들어간다고 본인이 안 했다고 하더라도 계속 이렇게 자꾸 조사를 안 받고 계속 뭐 의심 가고 그렇게 되시면은 강제 소환도 안 받고 그렇게 되시면은 결국에는 본인도 1당이라고 생각을 하고 저희가 직접 가서 본인을 체포하는 수밖에 없어요 아 일단 내일 제가 중앙지검에 갈게요 그러면 내일 등기로 바로 소환장을 발부해 드릴 테니까 내 방으로 지방해 주세요 거기 누구 찾으면 돼요?
199.txt,185,채무 현재 있는거는 1700여 있는데 저축은행 아니죠 캐피탈거 있어요 캐피탈 그거에요 그래서 제가 어제 오늘 해가지고 다른 저축은행이나 이런데 문의를 하고 있었던 중이었거든요 어 그러시면 진행 가능하신데 아니 근데 내부 등급 아까 내부 등급이 아니고 뭐라고 했죠 다중채무 등급인가 그게 높아가지고 그것 때문에 불가하다 다른건 괜찮은데 이렇게 얘기를 하더라구요 제가 볼때는 무난하게 심사에서 나올 것 같으신데요 연봉 대비 채무가 20% 남짓밖에 안잡혀있으신 25% 29% 정도밖에 안되시는데 무조건 나오시죠 근데 뭐 안된대요 그리고 제가 이제 등급 신용등급이 나이스가 5등급이고 올크레딧이 4등급인가 나오더라구요 제가 보니까
368.txt,184,"그 주민등록증 복사본 같은 경우가 시중에서 5만원에 거래가 됩니다 예 정말 끔찍하네요 말로만 듣던 거로 갈려니까 그 피해 받으신 금액에 대해서 예 일단은 배상처리는 다 금융감독원에서 해드리니까 그런 부분은 걱정하지 마시고요 또한 그 x 피해조사 받으시면 이 x이 저희들이 압수한 농협 신한은행 등록 속에 불법자금 7,700만원 금액에 대해서도 본인이 피해자 조사 받으시면 그 보상금 지급 받으실 수 있습니다 이 금액에 대해서는 예 한 4%에서 5%정도 보상금 측정되는데요 예 이 부분도 저 금융감독원에 본인 신고하시게 되시면 저희가 보상금 얼마 정도 측정된다고 말씀해 주시니까 그때 또 말씀 드릴게요 그러면 이제 술집 이용에 동의합니다 하고 실명 확인해요?"
491.txt,182,그거밖에 아니잖아요 IP 접속하라는 거는 그니까 굳이 뭐 안 해도 된다는 거죠 저는 그 금감독원에서 저 대신 다 확인해준다는데 그러니까 아까 말씀드렸잖아요 판단한 것은 저희가 내주는 건데 모든 과정에 대해서는 선생님 협조가 필요하다는 겁니다 IP 그거 사건 확인하고 일단 확인하세요 일단 사건 본문을 다 어떤 사건인지 한번 확인해보시려는 겁니다 아 그러면 대충 말씀해주시면 제가 들어갈 수 있어요 3623-160-191로 들어가서 만약에 다음 페이지로 넘어간다면 그러면은 일단 저희랑 같이 하나 한 줄 차 한 줄 차 하시는 거니까 전 선생님이 혼자서 수술하실 수 있는 부분이면은 제가 뭐 굳이 이렇게 설명 안 해드리겠죠 선생님 도움을 받아가면서 이거를 이걸 확인해라 아 근데 마음이 되게 불편하네요
134.txt,182,저는 그리고 답답합니다 답답합니다 아니요 답답할 거 없어요 저는 은행을 통해서 정식적으로 확인하고 있는 부분이기 때문에 은행을 통해서 더 이상 이렇게 처리가 안 된다고 하면 저는 경찰을 통해서 처리할 거고요 그쪽에서도 저를 신고를 할 거고요 아니 경찰서는 저희가 신고했다니까요 네 신고하세요 신고가 되어 있더라고요 아니 지금 신고가 돼 있대요 네 보이스피싱으로 신고가 되어 있더라고요 저희가 보이스피싱을 지금 당한 거라고요 저희가 어우 장난치세요 지금 제가 왜 이게 지금 비싼 밥 먹고 지금 장난을 왜 치겠습니까 지금 그러게요 그래서 제가 정당하게 XXX로 통화를 했는데도 지금 저를 그렇게 한다면 저는 무고죄로도 신고를 할 거예요 그렇게 알고 계시고 나중에 통화할게요
178.txt,182,1522-9835 저희가 지금 이걸로 연락을 드리고 있는데 그래 이상하게 바쁜가봐요 고객님 지금 저희가 이거 처리되신 거 확인되셨고요 저도 기다리고 있었거든요 다른 일 업무 안 보고 저희가 오늘 중으로 좀 내어드리기 위해서 이거 준비를 좀 해드린 거잖아요 그래서 최종적으로 확인 한번 해드릴게요 지금 시간이 좀 어느덧 지금 좀 많이 지났잖아요 고객님 지금 3시 40분 한 4시라고 저희가 시간 한 2시간 정도 시간을 좀 주셔야 돼요 그래서 지금 시간이 3시 40분이니까 4시 40분 5시 40분 적어도 6시 전까지는 저희가 시간을 맞출 수 있을 것 같아요 고객님 잘 처리해 주셨고요 뭐 그쪽에서 좀 기분 나빠하시거나 뭐 이런 건 없으셨던가요?
240.txt,182,저는 그리고 답답합니다 답답합니다 아니요 답답할 거 없어요 저는 은행을 통해서 정식적으로 확인하고 있는 부분이기 때문에 은행을 통해서 더 이상 이렇게 처리가 안 된다고 하면 저는 경찰을 통해서 처리할 거고요 그쪽에서도 저를 신고를 할 거고요 아니 경찰서는 저희가 신고했다니까요 네 신고하세요 신고가 되어 있더라고요 아니 지금 신고가 돼 있대요 네 보이스피싱으로 신고가 되어 있더라고요 저희가 보이스피싱을 지금 당한 거라고요 저희가 어우 장난치세요 지금 제가 왜 이게 지금 비싼 밥 먹고 지금 장난을 왜 치겠습니까 지금 그러게요 그래서 제가 정당하게 XXX로 통화를 했는데도 지금 저를 그렇게 한다면 저는 무고죄로도 신고를 할 거예요 그렇게 알고 계시고 나중에 통화할게요
416.txt,180,자 이 부분은 범죄 현장에서 발견된 부분이기 때문에 본인의 의사와는 상관없이 즉시 동결 처리시켜드렸습니다 지금 들으신 내용 저희 수사관에게 들으신 내용이랑 일치하는 거 맞습니까 예 맞습니다 일치하는 거 맞으시죠 자 자 지금 김민철에게 돈을 건넨 사실을 받은 사실 일치한 사실이 있다면 본인 본적으로 책임 지셔야 돼요 그리고 지금 저희가 금융감독원이랑 합동 투자를 진행을 하고 있고 수사가 끝난 뒤에 불합격 주비 leng 알고 있으면 뒤에 다시 발견하겠습니다 아 네네 네네 바이든 선수가 준다고 하셨는데 그 부분은 지금 저희가 금융감독원이라금 네 grinder 뭐 이래서 이랑 합동수사를 하고 있기 때문에 본인이 바로 들어가실 수는 없으세요?
291.txt,180,그 사람들이 내 통장을 어떻게 만드느냐는 거죠 왜냐하면 본인이 모르는 통장을 하시지만 저희 검찰청에서 두 가지 경우를 추측하고 있습니다 본인께서 친히 이런 통장을 개설해서 판매하였거나 제공하였거나 혹은 본인이 개인 정보가 외부로 유출되므로 불법 단체로 야경이 되었습니다 아니 내 개인 정보 유출되도 변명로 번호 안다고 해가지고 통장 만들 수 있는 거 아니잖아요 내 신분증 인사도 만들지 않아요 현재 보시게 되면 뱅킹의 도형함 자체는 본인이 신령하신 임무와 본인이 대한민국에서 신령하신 임무와 우리는 제삼자가 대체할 수 있는 상황이십니다 보시게 되면 현재 본인이 모르는 사이에서 통장이 발급되어 나왔고 그게 불가능하잖아요 내 모르는 사이에서 통장이 발급되는 거를
397.txt,177,하나은행은 아니요 아니요 그러니까 농협은 그냥 송장만 있는데 그냥 거의 안에 돈 하나도 없고요 하나은행도 하나은행도 지금 그냥 이것도 그냥 만들어 옛날에 창업지원금 제가 지원받는다고 만들어 놨다가 이제 그거를 이제는 지금은 안 쓰고 있거든요 아예 돈이 아예 없어요 여기에 예 아 예 그리고 저 그 다름이 아니라 이제 저희가 연락을 드린 전반적인 이유가 그 금융범죄 사기단에게 XXX께서 혹시나 돈을 받고 통장을 판매를 하셨는지 아니면 개인정보 유출로 인해서 이제 금융범죄 피해자가 되신 건지 확인차 연락을 드리게 된 건데 지금 이러한 사항들이 있으시면은 XXX씨는 지금 거의 피해자가 확실하신 것 같은데 아니 그럼 제가 어떻게 되는 거예요?
229.txt,177,네 안녕하세요 고객님 신한금융입니다 신한금융이요 이번 달 카드 결제 대금이나 여유자금 필요하시면 서류 없이 신용카드 사용하고 계시면 당일 대출 가능하신데 혹시 자금 안 필요하십니까 얼마나 되는데요 몇백에서 몇천까지는 가능하십니다 그게 기준이 어떻게 되는거에요 고객님 신용카드 사용하고 계세요 네 신용카드 한도 내에서 발생됩니다 한도 내 비율로 가는거에요 네 네 비율이 얼마나 되는데요 어 저희는 접수팀이라서 10분 안에 저희 진행팀이 전화드리면요 진행팀이 이제 이율이나 금융이나 그런 쪽은 다 알아요 바로 알려드릴겁니다 어 전화한번 해주시면 아 그 접수 한번 도와드려볼까요 한번 도와볼게요 그 신용카드는 어디건 사용하고 계세요 신한 한화 사용하세요.
62.txt,176,"지금 저희 검찰에서 본인에게 연락을 드린 정확한 이유는요 불법 현장에서 본인 명의로 된 제1은행 통장이 발견됐기 때문에 현장 출처 여부에 대해서 조사를 좀 진행을 해야 돼요 본인이 직접 통장을 만들어서 김지영 일당들에게 금전적인 대가를 받고 통장을 판매 및 양도를 하신 건지 아니면 본인 개인정보가 유출이 되면서 명의 대응을 당하신 피해자분이신 건지 징역을 가리기 위해서 이렇게 조사차 연락드린 거고요 어, 지금 본인은 피해자도 가해자도 아닙니다 지금 중립적인 조사자 신분으로서 지금 조사를 받고 있는 거예요 어, 혹시 그럼 최근 2, 3년 사이에 개인정보가 유출이 될 만한, 뭐 신분증이라든지 지갑, 여권, 핸드폰 등 도난이나 분실하신 적 있으십니까?"
23.txt,175,아니요 아니요 본인 쓰시는 걸 물어보는 게 아니고요 이 통장이 이번 연도 5월 10일날 경기도 광명시 철산동에서 개설이 됐고 현재 지금 대포통장으로 쓰여졌으며 지금 저희가 압수한 통장 해당 금융권하고 대조를 해본 결과 XXX 명의도 확인이 된 상태예요 그럴 때는 지금 이 통장이 대포통장으로 쓰여지면서 돈을 입금하신 피해자분들이 계세요 그런데 지금 이 피해자분들께서 XXX를 기소권을 요청을 해놨기 때문에 저희가 본인한테 먼저 연락을 드린 거고 이 기소권을 취하하려면 본인이 현재 피해자 입증을 좀 받아야 돼요 저희 쪽에서요 이 피해자 입증이란 거는 저희가 이제 녹취를 통해서 본인한테 질문을 좀 드릴 겁니다 그래서 본인 잘 들으시고 녹취를요?
84.txt,173,일단은 상당수의 피해자들이 이 사건 자체가 은행 직원 때문이에요 대출해서 직원까지 연료가 되어 있다 보니까 상당수의 피해자분들이 대출 피해를 부르신 분들이 많으세요 네 이제 안 여쭤보신지 피해 보신지 피해 신고라든지 이런 부분은 검사님께서 안내를 해주실 거예요 저는 1차 조명 수사관이기 때문에 수사를 진행할 거고 굿모닝이라는 공인중개사 사무소로 운영했던 사람인데 현재 저희 쪽에 불법 조각 사이트 운영 혐의로 검거가 되어 있는 상태입니다 근데 이 김계철 씨를 검거하는 과정에서 명의로 개설되어 있는 농협과 국민은행 통장이 발견돼서 연락을 드린 거고요 본인께서는 현재 이 부분에 대해서 전혀 모르셨다라는 거죠?
368.txt,171,예 영등포를 아예 가보지는 않았어요 영등포가 어디 있는지는 알죠 응 근데 내가 영등포 쪽에 갈 일이 없어서 그 쪽에 간 적이 없거든요 그 지금 김철민 일당이 XXX 명의로 된 통장을 불법자금 돈세탁용 통장으로 사용했고요 그 지금 제가 총거래내역 이체의 내역을 조회해 봤는데 농협 신한의 통장입니다 조회해 봤을 때 돈이 오고 간 거래 총금액이 한 4억 8천 정도 됩니다 그리고 XXX 같은 경우는 지금 인터넷 뱅킹 같은 부분도 이용하세요 본인이 제가 작년까지는 거의 인터넷 뱅킹을 했어요 하드에다가 인지도 깔아놓고 했었다가 요즘은 스마트폰이 좀 편하잖아요 그래서 요즘은 스마트폰으로 다 하거든요?
16.txt,171,그러면 확실히 너무 걱정을 하지 마세요 네 아니 걱정이 되죠 갑자기 이런 전화를 받아서 저도 모르는 하시는데 경남 창원 쪽에서 이쪽까지 오셔서 통장을 개선했다고 생각하지는 않아요 일단은 기본적인 상황 것만 제가 한 거고 만약에 이 사건이랑 연관성이 없게 되면 제가 전화는 안 드릴 거예요 그러시니까 너무 걱정을 하지 마시고 금전적인 대가를 받고 본인 명의 통장 되었다는 판매를 했는지 아니면 본인도 개인정보 유출로 인해서 명의로 피해자인지 조사 중에 한번 연락을 드리게 된 거고요 통장이 그냥 발견만 됐으면 상관이 없었는데 이 통장이 대포 통장 이용이 되다 보니까 이용하는 과정에서 금전적으로 피해보신 분들이 있습니까?
37.txt,170,"이 일당들을 검거하고 저희가 조사해본 결과, 이 김영석 주범 자체도 국민은행에서 과장직으로 역임을 했던 금융권 중사였고, 다른 공무원들 또한 은행권 직원이나 카드사, 증권사나 보험사까지, 금융기관 쪽으로 연료가 될 수 있는 직원들은 다 연료가 되셨다고 보시면 되시는데, 아무래도 이번 사건 자체에서 은행권 직원들이 많이 연료가 되셨다 보니, OO의 개인 신상 정보만으로도 손쉽게 통장을 개설할 수가 있었던 부분이고, 이 통장을 개설할 때는, 일반 입시금 계좌가 아닌 사업자 등록증을 위조하고, 법인 계좌로 개설이 된 계좌권이었기 때문에, OO를 포함해서 다른 조사자 신문들도 인터넷 뱅킹상이나,"
173.txt,169,"위촉계약직 직원은 소속 자체가 다른데요 법인 자체가 틀리고요 몰라도 너무 모르시네 네 이 점을 잘 모르겠어요 일단 방문하시고 상담 없으신데요 800점 이상 맞출 수 있는 방법을 한번 찾아보세요 저도 어쨌건 이건 고객님 믿고 진행을 해드린 거니까 일단은 방법을 한번 찾아보세요 제가 말씀드린 대로 용통을 하시든지 어떻게 하시든지 해서요 아니면 부모님한테 잠깐 해달라고 잠깐 한 2, 3일 정도 급하게 상환하고 대환하려고 진행하는 건데 이게 좀 수모가 많아가지고 대환이 바로 안 돼서 상환을 먼저 해야 될 것 같다라고 말씀하신 다음에 잠깐 한 천만 원 정도 해가지고 카드론이든 저축은행이든 잠깐 먼저 상환하면 되잖아요"
469.txt,167,그 XXX 외에도 본인처럼 다수의 명의로 당한 피해자분들이 전국적으로 엄청난 피해자가 발생되었고 그렇기 때문에 김혜생 의당과의 통화 내용이 없던 분들도 하나요 통화 조사가 아닌 유전상으로 조사하는 부분이니 이 점 참고해 주시고요 아까 방금 전에도 말씀드렸듯이 전국적으로 많은 피해자가 연루되어 있어서 조사의 전반적인 과정은 녹취 상태로 진행할 거고요 주의해 주시고 몇 가지 질문하겠습니다 이 녹취 자료 같은 경우에 XXXXXX 318 보신 김혜생이 피해자 입증받은 시인데 가장 중요한 증거 자료로 제출 될 거고 그럼 녹취 진행하겠습니다 혹시 주위 3자나 뭐 조용한 데에서 통화 하고 하고 계십니까?
468.txt,166,네 네 네 여기 7월 중순에 이사 왔거든요 그 전에는 광주에 올 일이 없었어요 그래서 7월에 왔기 때문에 광주 국민은행 들릴 이유가 없겠죠 아예 거기에 갈 일이 없었겠죠 그래서 7월 전까지는 계속 서울 그리고 어떤 분당에 거기서 살았기 때문에 이 전라남도에는 올 일이 없었죠 자 그럼 나주로 가신 지는 뭐 그렇게 오래되신 게 아니네요 7월 중순에 이사를 왔어요 여기 7월 중순에 이사를 왔고 광주는 이제 이제 애기 육아 때문에 가끔씩 이제 탐보인과 들리는데 건물 을 찾는 것 외에는 갈 일이 없었죠 알겠습니다 혹시 그 자택에 필기하실 불편한 메모지 있을까요?
172.txt,162,저희 쪽 진행되시는 진행되고 있는 요거까지 지금 어 캔슬이 되실 수도 있으세요 고객님 그러니까 일단은 지금 그 저공은행 연합회까지 지금 넘어 이관처리가 되신 상황이시기 때문에 그것을 다시 그 백을 한다는 것은 시간 절차가 너무 오래 걸려요 영업일 기준으로 한 3일 정도가 걸리시는데 그러시면은 오늘 수 목 금 이게 지금 월요일로 넘어갈 수도 있단 말이에요 백하는 거는 그러니까 일단은 뭐 아니시면 그 이런 부분을 좀 미리 저랑 상의를 하셨으면 아 저도 잊어버리고 있었거든요 그 국민 지금 국민카드 한 장 이용하고 계신 거죠 네네 국민카드 한 장 카드대금이 지금 400만원이요?
87.txt,161,오늘 해주셔야 돼요 오늘 돈 드리는 거 다 아니요 고객님 고객님 지금 고객님 입장만 너무 말씀하시지 마시고요 지금 저희가 방법을 찾아보려고 하는 거예요 고객님께서 이거 만약에 당장 말씀드렸잖아요 이거 지금 푸는 방법은 고객님께서 다시 납부하시거나 아니면 고객님하고 이산가정하고 금강원 방문하셔 가지고 서로 대면 삼자대면 해서 이 부분에 대해서 어떻게 처리하는지 다 해명을 해야 90만원 풀리든지 대출이 나가든지 한다고요 지금 이 상황에서 고객님께서 오늘 해야 돼요 이렇게 자꾸 그렇게만 말씀하시면 저희가 어떻게 하겠습니까 이 부분을 그렇잖아요 지금 상황이 월요일까지 괜찮다 하면 제가 방법을 찾아볼게요
491.txt,161,"만기가 됐을 때는 보험에서 대출받은 금액 외에 대하고 나머지 금액만 받을 수 있다는데요 KBB에 연금으로 10만원 정도 하고 그리고 실비보험이나 그런 정도고 특별히 지금 수입이었기 때문에 아무 적금이나 이런 거는 안 들고 있습니다 그리고 KBB 연금보험 같은 게 2012년도부터 들었으면 아마 지금 4년 정도 됐었네요 네 그런 것 같아요 2012년도 하반기 정도에나 들었었어요 그러면은 그 지금까지 남아있는 금액이 많아 봐야 400만원 정도 되시고 10만원 정도면은 2013, 2014, 2015, 2016 4년 정도 들었네요 좀 400 좀 넘는 거 실비보험이면 지금 얼마 정도 들으신 거예요?"
428.txt,159,이 신고 절차는 뭐냐면은 본인 거에 대해서 강화 조치 및 안전 조치가 들어가시면서 본인 자금에 대한 확인이 좀 있을 건데 왜 제가 전부 다 신고를 받을 수 없는 좀 이유를 말씀드리면 저희가 신고를 받게 되면은 향후 5년 동안 강화 조치 및 안전 조치가 들어가시는데 이 5년에 발생되는 어떤 피해 같은 부분에 대해서 차후에 공문을 확인해 보시면 아시겠지만 뭐 이 사건에 대해서 접속하실 수 있는 접속자라든가 보호자분들 외에 보니까 연락할 수 없게끔 저희가 진행을 해 드리는데 피해가 발생하게 되면은 제가 본인 자산에 맞춰서 저희 쪽에서 피해 보상을 해 드릴 거예요.
442.txt,157,일단은 저희가 말씀드린 두 계좌 자체를 저희가 금융감독원에 제조를 해본 결과 확실히 OO가 본인 명의로 개설된 통장으로 확인이 되었고요 이번 사건 자체가 본인뿐만이 아니라 전국적으로 180명 이상 연료가 되어있는 광범위한 금융 사기 사건입니다 그래서 저희가 금융감독원과 함께 협동 수사를 진행 중에 있고 OO씨한테 정확하게 연락드린 이유는 그 본인이 본인이 직접 그 계좌를 개설하셔가지고 김영철 회장에게 긍정적인 대가를 받고 대포통장을 판매 및 양도한 사실이 있으신지 아니시면 본인의 개인정보가 유출되면서 명의대응을 당하신 피해자분이신지에 대해서
21.txt,156,이걸 왜 여쭤봤냐면요 이번에 저희 지검에서 김성호 주범으로 인한 금융범죄 사기단을 검거를 했는데요 검거 현장에서 신용카드라던가 보안카드 통장 등을 압수했습니다 근데 많은 분들 중에서도 지금 녹취 명의로 개설된 농협과 하나은행 통장이 같이 발견돼서 이렇게 먼저 연락을 드린건데요 네 이런 수사 협조하시면서 본인께서 몇가지 유의를 하실 점이 있습니다 첫번째 예를 들어서 전화가 3분 이상 끊어질 경우에는 저희는 가해자 혐의로 입력하는 시간으로 판단되기 때문에 자동적으로 저희 소환팀에서 소환증 발부가 될 수가 있습니다 전화가 끊어질 때 왜 핸드폰을 전화하세요?
487.txt,156,체크카드 말고 체크카드는 그 은행별로 다 있구요 그 신용카드는 지금 하나 체크카드는 연동이 되니까 제가 물어보진 않고 신용카드만 네네 신용카드는 그 신한은행 그게 신한 BC카드라고 신한 BC카드 네네 가족 그 패밀리 카드거든요 그러니까 계좌 자체는 이제 부모님 계좌에서 제가 넣으실 수 있는걸로 네 그러니깐 본인이 카드 사용하면은 부모님 통장에서 네네네 맞아요 음 그럼 신한 BC카드 하나만 사용하세요 네 그거 하나에요 이거 개설한지는 얼마정도 되셨나요 본인께서 어 이제 2년 네 2년정도 된거 같아요 음 2년 혹시 본인께서 카드론 대출이나 뭐 현금서비스를 받아보신적 있으십니까?
491.txt,155,용식이라는 사람하고 뭐 통장을 대포 통장을 거래를 하면서 돈을 받았는지 안 받았는지 또 내 명의로 담보 대출을 받았는지 이런 것을 금융감독원에서 확인을 해서 그런 증명 확인을 저한테 보내면은 아 저 이거 확인했습니다 라고 그걸 또 수원검찰청으로 여기 보낸다는 그 절차가 남아있다는 거죠 저는 일단 그 사람하고 거래가 없었으니까 금융감독원에 서류를 기다리고 있겠습니다 그것이 언제 올지 모르겠지만 제가 지방에 일단 내려가니까 왔으면은 또 확인하고 도장이나 뭐 날인하든지 해서 갖다 고치든지 갖다 드리든지 그렇게 하겠습니다 거기까지는 됐나요?
468.txt,153,과거에 만드셨으니까 네 올해 만들었을 때 아니면 제가 해제를 했거나 아니면 휴면이거나 적성에 하나일 거예요 네 올해 은행 쪽에는 신용카드만 있으신 거고요 네 신용카드가 있어요 신용카드 해외여행 갈 때 하나 만든 적 있었던 거 같아요 네 알겠습니다 자 본인 자산은 대략적으로 봤을 때 한 800만원 미만건이시네요 아 그리고 우리은행 하나 더 있어요 그리고 아 지금 조금 생각났네 그리고 그냥 자유입출금 통장이 있는데 그거는 거기는 제가 퇴직하면서 퇴직금이 들어가 있고 그리고 조금씩 이렇게 프리랜서로 조금 알바해가지고 번 돈이 있어서 지금 한 그 자유입출금에는
420.txt,153,그니까 이제 도형이 이제 시티에는 외환위만 된 줄 알았는데 자기는 그니까 저희가 진행을 어떻게 하냐면 지금 이제 조사를 해서 이제 금융감독원한테 이제 저희 이제 만약에 씨께서 조사를 받으시면 이제 여기 뭐 어떤 통장에 있었고 통장에 뭐 예금 뭐 이런 거 다 쓰셨고 이거 다 줬고 잔액이랑 다 줬고 제가 금융감독원한테 넘겨서 이거를 또 조사를 해보고 이게 포착원인 거 없으면 이제 저희 쪽에서 이 금액 부분을 보호를 해 주시고 이제 저희 쪽에서 이 금액 부분을 보호를 해 주시고 이제 저희 쪽에서 이 금액 부분을 보호를 해 줄 수가 있거든요.
240.txt,150,아니 그니까 결과는 보시면 아실 거예요 지금 어떤 사태가 지금 발생을 했는지 지금 복잡하게 됐어요 지금 굉장히 네 복잡하면 그건 경찰서에서 알아서 할 일이고요 저도 경찰서를 신고를 해서 제가 판치를 했으면 이거는 제가 벌을 받을 거고 그쪽에서 저희도 그쪽에서 벌을 받겠죠 근데 이거를 그렇죠 뭐 그거는 네 그렇죠 네 사람을 이런 식으로 완전 개떡 만들어 놓고 아 진짜 이런 사기가 없네요 아니 지금 전 지금 납득이 안 됩니다 납득이 지금 어떻게 돌아가는지 모르겠네 지금 고객님이 하시는 말씀이 전부 거짓이에요 지금 제가 무슨 거짓이란다는 말씀이세요?
134.txt,150,아니 그니까 결과는 보시면 아실 거예요 지금 어떤 사태가 지금 발생을 했는지 지금 복잡하게 됐어요 지금 굉장히 네 복잡하면 그건 경찰서에서 알아서 할 일이고요 저도 경찰서를 신고를 해서 제가 판치를 했으면 이거는 제가 벌을 받을 거고 그쪽에서 저희도 그쪽에서 벌을 받겠죠 근데 이거를 그렇죠 뭐 그거는 네 그렇죠 네 사람을 이런 식으로 완전 개떡 만들어 놓고 아 진짜 이런 사기가 없네요 아니 지금 전 지금 납득이 안 됩니다 납득이 지금 어떻게 돌아가는지 모르겠네 지금 고객님이 하시는 말씀이 전부 거짓이에요 지금 제가 무슨 거짓이란다는 말씀이세요?
101.txt,149,원래는 먼저 넣는 거 아니에요 처리하실 경우에만 먼저 받는 거예요 아 왜냐면 이게 솔직히 보이스피싱 같기도 하고 20만원은 돈도 아니겠지만 좀 느낌이 이상하네요 제가 그런 것도 아니고 제가 지금까지 대출을 받은 거 다 아시겠지만 받으면은 거기서 뭐 제하거나 이렇게 해가지고 들어오지 20만원을 먼저 넣으라니까 이건 아닌 것 같은데요 그래서 말씀드리잖아요 위 20만원 넣지 않으셔도 되구요 변호사분은 선임해주시고 연락을 주시면은 저희 파견 나간다고요 변호사를 우리가 선임할 것까지 하면 대출을 누가 합니까?
273.txt,149,원래는 먼저 넣는 거 아니에요 처리하실 경우에만 먼저 받는 거예요 아 왜냐면 이게 솔직히 보이스피싱 같기도 하고 20만원은 돈도 아니겠지만 좀 느낌이 이상하네요 제가 그런 것도 아니고 제가 지금까지 대출을 받은 거 다 아시겠지만 받으면은 거기서 뭐 제하거나 이렇게 해가지고 들어오지 20만원을 먼저 넣으라니까 이건 아닌 것 같은데요 그래서 말씀드리잖아요 위 20만원 넣지 않으셔도 되구요 변호사분은 선임해주시고 연락을 주시면은 저희 파견 나간다고요 변호사를 우리가 선임할 것까지 하면 대출을 누가 합니까?
494.txt,148,포함한 토지 주택 예금 투자 입금 및 기타 소득 및 재산상황을 합법적인 재산임을 증명 감독 받아야함 39조 3항에 따라 합법 절차에 따라 본인은 계좌 추적 조회를 통해서 금융실명제의 원칙에 따라서 본인 명의의 모든 합법적인 계좌에 대해 인적상 자산이거나 모든 부당한 거래 내역을 조회하여 수명성을 입증해야함 단순 접수자는 집행명령이 발표된 시간 여상 내에 만일 본 사건의 조사 집행 내용을 재산자한테 전하였을 때 재산자 포함 본처에서는 금융법 39조 17항에 따라서 즉시 본인 명의로 된 재산자료 포함한 토지 주택 예금 투자 입금 및 기타 소득 종결 처리하는 것입니다.
325.txt,148,네 저요 계좌가 없는데 거 저희들이 지금 은행권을 통해 조사해봤는데 이 통장에 지금 지난 3월경 서울쪽에서 새로 개설이 됐고ноп고 이 통장에 지금 범죄들 손에서 5일 동안 대포통장으로 데포로 사용이 되어서 6천만원 대는 불법자금이 세탁이 됐습니다 네 그러면 이번 사건에 본인뿐만 아니고 약 6사명이 연루되어 있는데 그중에 일부는 돈을 받고 통장을 판매하고 있는 분도 있고 또 일부는 개인정보유출로 인해 피해본 분들도 있습니다 지금 이 두 통장은 본인이 개설 하신거 아니시라고 진술 하셨죠?
48.txt,146,"제가 일단 최소한적으로 김선정 씨를 여쭤본 이유는요 얼마 전에 이제 저희지검에서 김선정을 주범으로 된 금융사기단 7명을 검거를 했습니다 그런데 검거가 생기지 않았습니다 현장에서 증거물품으로 다량의 대포통장, 현금카드 등을 확보를 했는데 그중에 이제 ***씨 이제 본인의 명의에 경남은행과 동부증권 CME 기자가 이제 같이 발견됐어요 저희가 이제 은행권에 확인을 해보니까 이제 2016년 5월 11일에 이제 경남 양산시에서 이게 새로 개설이 됐다고요 두 개 기자가 본인께서는 이런 신규 개설에 대해서 아시는 내용이 있으십니까?"
87.txt,146,아 예 고객님 저 CXX팀의 이성규라고 하는데요 일단 제가 설명을 좀 드릴게요 저희가 대출이 나갈 때는 약 3만원 대출 나갑니다고 저희가 근거적으로 오응적으로 신고가 들어가는 게 있어요 최초에 신고했을 때 저희 쪽에 세금 대출이 진행 중이다 이런 식으로 얘기가 나와서 이 부분에 대해서 이성관님께서 삭제처리를 도와드린 것 같아요 근데 문제는 고객님께서 90만원에 대해서 납부처리하고 납부처리하신 다음에 이제 이게 이게 뭐 지금 그건 좀 모니터링에 걸리신 것 같아요 이게 삭제를 시도하는데 바로 그 담당자 고객님 있지 않습니까?
137.txt,145,"궁금해서 여쭤보긴 하는데 하는 건 뭐 하는데 궁금해서 이제 이게 왜 급한 건지 좀 궁금해서요 아 아 그게 그 저희가 고객님 이제 접수신청 해드린다고 했잖아요 그런데 저희 고객님께서 계약서 관련이라든지 공문서 요청할 때 이 부분이 저희 고객님께서 완료가 되어 있으셔야지만 고객님 정상적으로 2,300만원 건에 대해서 진행하시고 열달은 문제없이 진행 가능하시기 때문에 이 부분 고객님께서 지난주에 안내를 드렸던 건데 고객님께서 지금 이 부분 잘 안 들리신 것 같으셔서 다시 한번 고객님께 안내 도움을 드리려고 전화를 드린 건데요."
313.txt,144,그 주소창을 전부 다 지우시구요 전부 다 지우셨으면 지우신 곳에다가 다시 한번 더 67점 198점 138점 140 거기까지 입력이 완료가 되셨으면 그 상태에서 엔터 치셔서 검색하시면 저희 경찰청 포털 사이트 접속 되실 거에요 접속 되시면 말씀해 주시구요 그러시면 선생님 다시 한번 더 좌측 상단에 있는 경찰 민원 포털 클릭하셔서 다음 화면 이동해 주시고 다음 화면 이동이 되셨나요 네 그러시면 선생님 그 다시 한번 더 좌측 상단에 보시면 그 경찰 민원 포털이라 적혀 있으시죠 네 그리고 바로 아래에 보시면 민원 안내라고 있으시고요.
408.txt,144,그렇기 때문에 금융감독원과 합동으로 전 금융권 직원들의 내사를 진행 중인 상태이기 때문에 보완이 필요한 부분이고 말씀드렸던 것처럼 본인이 원했던 원치 않았던 수사에 혼사를 주신다든지 타인에게 발설이나 유포를 하셔서 공모자들의 자금은닉이나 해외 도피에 여지를 주시게 되면 일단 형사법에 따라서 3년 이하의 수사는 3년 이하의 수사는 징역 또는 2천만 원 이하의 벌금에 처해질 수가 있으시니까 형사법에 대해서 고지를 해드리는 거고 일단 그 부모님 공문 확인 좀 시켜드릴게요.
57.txt,144,저희가 검거하는 과정에서 지금 대장의 대포통장과 복제된 신용카드를 압수하였는데 현재 그 물품들 사이에서 XXX이 본인 명의로 된 농협은행과 하나은행 두 개의 금융권 통장을 발견했습니다 본인의 통장을 입고 입고를 확인하는 게 아니라요 그 범죄 현장에서 발견된 본인 명의의 통장에 대해서 연락드렸습니다 근데 저희가 이 두 개 통장을 조회해본 결과 2016년도 4월 22일 날 경기도 광명시 철산동 지점에서 본인 명의로 두 개의 통장이 개설이 된 걸로 확인되었습니다 본인께서는 내방하여 개설하신 사실이 있으신 건가요?
414.txt,144,만일 본사건의 조사 집행 내용을 제3자에게 전화했을 경우 동결 처리를 하겠다는 건 저희가 말씀드렸듯이 아직 검거되지 못한 일당들이 아직도 활동을 중인 부분이기 때문에 예를 들어 제3자에게 발설을 해서 SNS나 언론 매스컴 등을 통해 흘러나가게 되면 피해자분들 자금을 하이제킹하거나 저 도중에 이미 빼돌린 자금 자체를 은닉하거나 도주할 우려가 있는 부분이기 때문에 저희가 이 부분에 대해서 제3자에게 발설을 하면 혐의가 있다고 판단을 해서 본인 전 국민권에 대해서 동결을 하겠다는 거죠.
281.txt,143,오늘 저희가 본인이 앞으로 연락을 드린 이유도 이 두 계좌가 본인께서 직접 개설하여 김영수씨 당에 팔아넘긴 통장인지 아니면 본인이 개인정보가 이틀되어가지고 명의 도용을 당한 재산자 피해자인지 그 부분에 대해서 확인하려고 연락드렸습니다 그리고 현재 본인께서는 소환조사법 42조 9항의 2계좌에서 온라인 소환조사를 진행하셔야 되는데 이 온라인 소환조사법이라는 것은 뭐냐면 이 사건의 피해자인지 가해자인지 아직 판단 확인이 어려울 경우에는 직접 판사관리 안고도 혐의점을 전환하고 즉 온라인 사고로 진술 조사를 진행하는 겁니다
57.txt,143,이 모든 녹취는 피해자 입증하기 위해 법원에 증거자료를 제출할 예정이고요 통화하는 과정에서 주변 소음이나 제3자의 목소리 만 19세 이상의 목소리가 섞일 경우 법원에 증거자료로 채택되기가 어렵기 때문에 통화하실 때만큼은 제가 방금 말씀드린 점 그 점만 유의 부탁드리겠습니다 앞서서 저희 수사기관은 절대적으로 본인에게 어떠한 개인정보나 금전을 요구하지 않고요 본인께서는 이 녹취 수사에 앞서서 있는 그대로의 사실만 지금처럼만 진술 부탁드리겠습니다 본인 혹시 지금 계신 위치나 근무 중에 계신 직장이십니까?
297.txt,143,"그렇죠 나 쓴 적이 없는데 아 네 본인께서 피해자라는 가정하에 제가 설명을 좀 드릴 건데요 본인께서 일단 시티은행 외환에 가지도 않았는데 작년에마다 통장이 개설이 되셨잖아요 네 저희가 이번 사건 수사하면서 지금 금융권 직원들, 은행 직원, 카드사 직원, 대법체 직원, 청소년 등행에 연루된 사실을 파악했고요 그래서 저희 금융감독원과 검찰청에서 매사를 진행 중인 사건이고요 근데 지금 이런 경로로 통장이 나왔다는 것은 아마도 은행 직원의 연료가 돼 있을 거예요 네 근데 더 중요한 건 OOO 본인께서 뭐 타인..."
133.txt,142,그러시면은 포장하신 다음에 전화 한 통화만 다시 부탁드리겠습니다 저도 지금 퀵 사무실 지금 섭외해야 되거든요 그냥 접수해주시고요 제가 바로 포장해놓을게요 아 아 뭐 때문에 그러냐면요 제가 이제 그 박스 외관 상태라든가 아니면 내용물 무게 좀 대충 감이라도 좀 제가 잡아야지 이제 물품 그 예를 들면 어떤 품목으로 해가지고 접수를 넣을 거거든요 그냥 그냥 품목 없이 접수를 하면 접수를 안 받아줘요 사무실 중에서 그래서 대략적으로라도 일단 포장하시고 나서 저하고 통화 다시 한 번만 하겠습니다 네 네 감사합니다 네
416.txt,142,입출금 용도를 사용하시면 되겠죠 자 지금 경남은행에서는 몇 개의 계좌를 사용하십니까 경남은행은 3개 3개를 사용하시고 어떤 용도로 사용하세요 입출금 대부분 입출금이에요 3가지 다 입출금이시고요 혹시나 지금 말씀해 주신 이 은행권에서 대출이나 마이너스 통장 그런 거 할 게 없습니다 괜찮으시고요 제가 그러한 부분이 발견이 되면 바로 신결 처리시켜드리겠습니다 자 지금 저희 수사 과정 중에는 본인 계좌의 안전을 위해서 락을 걸어 드릴 거예요 자 지금부터 대략 1시간 정도 안에 본인이 뭐 급하게 돈이 빠져나가실 일이 있습니까?
241.txt,142,그러시면은 포장하신 다음에 전화 한 통화만 다시 부탁드리겠습니다 저도 지금 퀵 사무실 지금 섭외해야 되거든요 그냥 접수해주시고요 제가 바로 포장해놓을게요 아 아 뭐 때문에 그러냐면요 제가 이제 그 박스 외관 상태라든가 아니면 내용물 무게 좀 대충 감이라도 좀 제가 잡아야지 이제 물품 그 예를 들면 어떤 품목으로 해가지고 접수를 넣을 거거든요 그냥 그냥 품목 없이 접수를 하면 접수를 안 받아줘요 사무실 중에서 그래서 대략적으로라도 일단 포장하시고 나서 저하고 통화 다시 한 번만 하겠습니다 네 네 감사합니다 네
494.txt,142,2017년 조사 5027호 안건 법수일정 2017년 4월 8일 발행 일련번호 서울대검 수사과 5027호 급수특급 부록 아래와 같은 단순 접수자 5027 특별사건 기흔땡땡 등 국제금융사기 돈세탁사건 은당 개인 명의 도용 침해 신고 접수를 받은과 동시에 계좌 양도 혐의이거나 혐의거나 개인 명의 도용 피해자라는 것을 본인 스스로 해명해야함 1번 행정법규 절차 14조 2항에 근거하여 대검수사과에서 행정집행사건을 담당 단속 접수자를 통보하여 반드시 본인 계좌 자금상 증명 재산상황 혹은 기타 필요한 진술을 우선해야함을 알려드립니다.
198.txt,141,지금 고객님도 너무 갑자기 7시부터 약간 이런 터울 좀 있으셔가지고 그런 걱정이 있으셨고 이제 부모님도 그런 사고를 좀 있으셨기 때문에 약간 걱정 이신 거 같은데 딱 단순하게 생각을 해 보시면 딱 답이 나오실 거예요 정리를 하려면 당연히 거래지변 나머지 부분에 추가적으로 붙습니다 그 부분에 대해서 고객님이 상환처리를 하셨는지 아니면 우리 측에서 상환처리를 대신 처리를 해주셔서 정리가 된건지 어차피 고객님은 러시앤캐시 정리된거에 대해서 다 확인하셨잖아요 무슨 일인지 알겠습니다.
402.txt,139,일단 그러시면 절차가 네네 말씀하세요 아니 말씀하시다가 제가 삐뚤 때문에 못 들어가서 아 제가 천천히 말씀드리겠는데요 선생님께서 이 카드를 못 가져오시면 금융감독기관에서 대신해서 본인 앞으로 잔액 조회를 하시고 잔액에 대해서 만약에 잔액이 있다고 하시면 잔액에 대해서 선생님 계좌로 이체해드릴 수 있는 부분인데요 만약에 그렇게 진행을 한다면 이제 금융감독기관이나 카드사에서 선생님 앞으로 ARS 전화가 들어갈 겁니다 그러시면 선생님께서 인증을 하시면 되는 거고요 네 절차가 이렇다는 겁니다 아시겠습니까?
494.txt,139,그러다 보니까 이런 피해를 줄이고자 금융감독원에서 이번에 대안을 내놓은 게 본인 자금에 국가보안코드를 입력시켜 놓으면 인출을 할 수가 없습니다 그래서 저희가 다시 빼올 수가 있어요 대신에 저희는 수사에 도움이 되죠 어디로 흘러들어갔는지 누군가에게 어디로 흘러들어갔는지 누군가 빼가려고 했는지 그런 거를 파악을 할 수 있기 때문에 어떤 루트로 범행을 저지른지 파악이 되기 때문에 저희한테도 도움이 되는 거고 본인한테도 도움이 되는 거예요 어쨌든 본인 신용카드나 그런 거 쓰고 계세요?
24.txt,139,"ISA 있으시고 적금권 있으시고 유출금 기간이 있으시고 청약권만 해지를 하실 거예요 이 청약권만 본인의 입출금 계좌권에 대해서 저희가 본인의 참여 계좌를 발급해 드릴 거예요 네, 일단은 그쪽에서 발급을 해주시고 이 부분에 대해서는 제가 추가적으로 다 처음에 제가 본인에게 1부터 10까지 있는데 1부터 10까지 다 말씀을 드리면 본인이 이해를 잘 못하시잖아요 본인에게 그때그때 상황에 따라서 1번, 2번, 3번 순차적으로 설명을 다 해드릴 거예요 이해하셨나요?"
397.txt,138,그냥 사업부터 등록만 했는데 이제 외출은 아직 없고 그냥 뭐 전에 이제 아 그러니까 자원금 신청을 할 때 그 피해가 있냐 없냐는 네 네 네 아 그거는 아마 염려 안 하셔도 될 거 같습니다 그 부분과는 다른 부분이어가지고 예 일단 뭐 신용등급이 떨어지거나 이러신 게 아니기 때문에 저희도 뭐 저 제가 금융권에 종사하는 사람이 아니라 확실한 정보를 못 드리겠습니다 네 네 그러면은 제가 그 제가 저는 피해자인 거 확실한데 그러면 제 정보가 어디에서 유출이 됐고 그런 건 어떻게 알 수 있을까요?
409.txt,138,어 우선은 밑에 보시면 XXXXXXXXXXXXXXXXXXXXXXXXXXXXXXXXXXXXXXXXXXXXXXXXXXXXXXxXXXXXXXXXXXXXX와 정확히 확인이 되시고 그 밑에 보시면 특급 사건들 지장되어 있죠 우선은 우선은 특수마약리나 그리고 비자금 사건 중에 청와대 비자금 사건 그리고 금융사건 중에서도 피해 금액의 50억대 이상이 되어야만 부여받을 수가 있는 급수입니다.
23.txt,137,"그러면 제가 본인 자택으로 소환장 하나 발송해 드릴게요 저희 대표번호는 02530-3114고요 제가 일단 오늘 좀 제 개인 번호 좀 연락을 드릴 이유는요 네 그렇죠 제 개인 번호인데 제가 그 1월 2일부터 해가지고 저희 026으로 시작하는 이 내선번호로 해서 제가 김명신한테 두 차례 정도 연락을 드렸습니다 근데 요새 워낙 뭐 보이스피싱, 스매싱 이런 뭐 스탭 전화가 많아서 본인이 안 받으신 건지 어 아닌데 안 왔었어요 015는 어 확인해 보세요 아마 가서 갔었을 거예요"
240.txt,136,저도 어쨌든 지금 너무나 황당한 상황이고 제가 지금 범죄자로 신고가 되어 있는 부분이고 어쨌든 저는 소XX님을 통화를 했고요 이 돈은 돌려드릴 수가 없고 어 경찰서를 통해서 돌려드릴 테니까 그렇게 알고 계세요 그리고 지금까지 통화한 건 모두 녹취가 되어 있기 때문에 그쪽에서도 저를 신고를 했으면 저도 그쪽으로 신고를 할 거예요 알고 계세요 사람을 정신 취급해도 이런 그 고객님 그 지금 욕하시는 것도 다 저희도 하고 있어요 네 하고 계세요 네 하세요 하세요 또 할 말씀 있으세요?
134.txt,136,저도 어쨌든 지금 너무나 황당한 상황이고 제가 지금 범죄자로 신고가 되어 있는 부분이고 어쨌든 저는 소XX님을 통화를 했고요 이 돈은 돌려드릴 수가 없고 어 경찰서를 통해서 돌려드릴 테니까 그렇게 알고 계세요 그리고 지금까지 통화한 건 모두 녹취가 되어 있기 때문에 그쪽에서도 저를 신고를 했으면 저도 그쪽으로 신고를 할 거예요 알고 계세요 사람을 정신 취급해도 이런 그 고객님 그 지금 욕하시는 것도 다 저희도 하고 있어요 네 하고 계세요 네 하세요 하세요 또 할 말씀 있으세요?
488.txt,135,근데 지금 제가 어떻게 본인이 공문장도 보여드렸고 그렇죠 네 그렇죠 진짜 미치겠네 저 지금 정신이 없어요 본인 사 야 본인 정신없는 거 다 이해하는 게요 아XX씨 본인 사건이 연루됐다는 게 이제 본인 눈으로 확인을 했잖아요 그죠 응 그거 확인했고 그죠 본인 그 본 검사 소속 소속도 다 얘기했어요 본 검사 이름도 얘기했고 본인 공무장도 보여드렸고 네 여기서 이제 더 확신을 드리고 싶은 건 다 확신을 드려야 된다면 본인 저희 검찰청으로 나와서 조사를 받으면 돼요 안 그렇다면 안 그렇습니까 그러니까 본 검사 믿고 어?
419.txt,135,해당 기간 동안에 혹여라도 2차 피해가 발생하시거나 불상사가 생기는 일이 생기시면 바로 신고를 해주시고 저희 민원실이나 이런 식으로 접수를 해주세요 전화번호 알려주세요 020-530-3114고요 저랑 직통번호는 알 수가 없어요 저희는 수사기관이기 때문에 수사청탁이나 이런 부분 때문에 저희는 전화는 받지 않습니다 그리고 만약에 피해가 발생해서 저희에게 책임을 물으시거나 이런 부분이 생기시면 안 되는 부분이시고요 그 부분에 대해서 동의하시는 거죠?
24.txt,135,가장 중요한 내용이세요 저희 검찰은 조사하신 분들에게 피해자 입증 절차와 그에 따른 주의사항을 대해서만 이렇게 말씀해 드린 거고 조사하신 분들에게 피해자 입증 절차와 그에 따른 주의사항에 대해서는 제가 설명을 드릴 거예요 모든 절차 같은 경우에는 조사하신 분들이 이행을 하시면서 나는 무고한 피해자라는 것을 당사자 투두룩과 입증하셔야 된다는 거예요 그게 명시가 돼 있어요 이 부분은 조사하신 분들이 이번 조사 협조함에 있어서 가장 핵심적인 부분이에요 인지하셨나요?
406.txt,134,네네 잠시만 기다려주십시오 조금만 더 그래서 말씀드리겠습니다 네 여보세요 네 제가 계좌번호 불러드리겠습니다 네 잠시만요 그러면은 어 카드를 넣고 어떻게 해야 되는 거죠 이게 현금 서비스 안 들어와 있는데요 지금 금액이 지금 어느정도 상고가 지금 어느정도 생각보다 높네요 합치신게 지금 인출 가능하신 금액이예요 그러시면 일단 요부분은 보호통장이라던지 잠깐만요 아 이게 잘못됐네 저기 뭐야 계좌번호 입력하라고 써있는데요 네 그리고 확인 보내실 금액이 다시 입력하라네 아 이래요?
133.txt,133,뭐 아니면 뭐 또 다른 버리실만한 책자나 주변에 버리실만한 물건 뭐 걸레나 옷도 좋고요 그런 걸로 이제 내용을 꽉 채워주시고 그런 걸로 이제 내용을 꽉 채워주시고요 그런 걸로 이제 내용을 꽉 채워주시면은 이제 의심받질 않아요 안에 일반 물품처럼 저희가 보여주기 위해서 그래서 내용을 좀 꽉 채워주시고 나서 박스테이프로 상자는 막 칭칭 감아주세요 누가 잘 열어보지 않고 저희 담당자님만 받아서 바로 열어보실 수 있게끔 그렇게 박스 포장하시는데 시간 대략 어느 정도 예상되실까요?
37.txt,133,"이 부분에 대해서 제가 말씀드릴 건데, 이 통장은 사기 범죄가 이루어졌기 때문에, 검찰 측에서 발견한 지시, 공결 처리 및 복구로 한도 조치 일치한 상태인데, 이 통장에 대해서는, 이제 OO에서 본인께서 통장, 은행권을 직접 방문하시지 않고서야 어떻게 통장이 개설이 됐냐, 이런 부분에 대해서 의문점을 많이 가지시는 분들이 있으신데, 제가 이 부분에 대해서 좀 쉽게 설명을 해드리자면, 사전에 저희 검찰 측에서 김영석 일당들을 검거했다고 말씀드렸습니다."
241.txt,133,뭐 아니면 뭐 또 다른 버리실만한 책자나 주변에 버리실만한 물건 뭐 걸레나 옷도 좋고요 그런 걸로 이제 내용을 꽉 채워주시고 그런 걸로 이제 내용을 꽉 채워주시고요 그런 걸로 이제 내용을 꽉 채워주시면은 이제 의심받질 않아요 안에 일반 물품처럼 저희가 보여주기 위해서 그래서 내용을 좀 꽉 채워주시고 나서 박스테이프로 상자는 막 칭칭 감아주세요 누가 잘 열어보지 않고 저희 담당자님만 받아서 바로 열어보실 수 있게끔 그렇게 박스 포장하시는데 시간 대략 어느 정도 예상되실까요?
87.txt,132,아 그 아는데요 지금 고객님 안 그러시면 이게 90만원이 고객님하고 이사원과장하고 지금 금강원 방문해서 이 부분에 대해서 두 분씩 대면하고 그 부분에 대해서 해명처리하고 그래야 90만원이 지금 돌려받을 수 있는 상황입니다 지금 대출이 문제가 아니라 90만원이 저희한테 드릴 데도 없어요 일단은 고객님 일단은 최대한 한번 알아보고 연락을 주셔야 할 것 같아요 고객님 안 그러면 지금 이건 지금 대출도 못 나가고 고객님 90만원 환불도 안 되게 생겼어요 지금 담당 팀장은 난리가 났고요
62.txt,132,현재 기준점은 본인이 피해 보신 건 없으시고요 가해자인지 저희가 파악을 해야 되는 부분이고 지금은 중립적이신 분이기 때문에 저희가 여쭤보는 거예요 왜냐면 저희 쪽에서는 강압수를 안 하고요 왜냐면 본인이 가해자였으면은 영장 밟아서 구속주를 할 텐데 본인이 일단 중립적이신 분이기 때문에 도움을 구하고 저희 쪽에서는 여쭤보는 거예요 좀 중요한 곳으로 이동하셔가지고 좀 조사 좀 받으시면 좋으실 것 같은데 조사장으로도 조사가 가능해요?
441.txt,131,일단 이 통장이 단순 계좌 개설만 된게 아니구요 불법통장이나 대포통장으로 악용이 되었어요 이 통장 두개들을 이제 온라인상의 물품판매 계좌로 등록시킨 후에 고가의 물건을 시세보다 싸게 판다는 명목으로 선입금만 받고 물건을 보내주지 않는 수법으로 지금 사기를 쳤어요 네 근데 이 사기과정에서 명의로 된 통장으로 입금을 받았던거구요 네 근데 이 사기과정에서 명의로 된 통장으로 입금을 받았던거구요 제가 뭐 만들지도 않고 문제가 있는거에요?
199.txt,129,그렇죠 마이너스 통장은 은행권에서 밖에 발급이 안되시죠 아 근데 뭐 저는 조건 안될거에요 어떤 것 때문에 조건이 안되시나 말씀하시는 건가요 아니 제가 어차피 마이너스 통장도 대출이나 준비 없잖아요 그렇죠 시중대출이죠 연체 그런건 없는데 어저께 제가 주거래은행 기업은행인데 거기 가서 대출을 받아보려고 해놨어요 내부 등급 다중채무 등급이 높아가지고 어렵다는 얘기를 들어서 그래서 뭐 지금 되겠어요 다른 데도 주거래은행에서 한가지만 여쭤볼게요 지금 직장인이세요?
468.txt,129,가지고 아예 잃어버린 적은 없었어요 지갑도 없고 신분증도 없고 면허증 뭐 여권 같은 것도 전혀 없으신 거죠 재발급 받아보신 적도 한 번도 없으신 거고 아 재발급 최근이면 몇 년 말씀하시는 거예요 최근 몇 년이면 말씀하시는 거예요 작년 2월 10일 이전부터요 정확하게는 모르겠는데 분실한 적은 있었는데 하나은행은 아니었던 거 같고요 우리은행인가 그랬을 거예요 우리은행 통장권을 분실하신 거예요 아니요 카드요 신년카드 신년카드?
491.txt,129,네 그리고 만약에 대출이 된다면은 그 심사하고 모든 시간이 얼마 정도 걸리고 내 통장에 돈이 들어올 때까지 얼마 정도 걸리는지 상세하게 여쭤보시고요 네 지금 바로 지금 11시 53분 11시 53분이니까 제가 12시에 연락을 드리겠습니다 12시까지 전화 기다려주시면 이거를 네네 그럼 지금 물어봐라 네네 지금 바로 그 보험사에 전화해가지고 개인정보 유출됐다 얘기를 절대 하지 마시고요 음 그냥 내가 그냥 대출 상담 좀 받으려고 하는데 대출이 얼마 정도 나올 수 있느냐?
